timestamp,ret,equity,drawdown,benchmark_equity,active_ret
2024-01-02,0.0,100000.0,0.0,100000.0,0.0
2024-01-03,-0.00033698443123619803,99966.30155687638,-0.0003369844312361965,99183.33113267577,0.00782970424200613
2024-01-04,-0.012699929809849464,98696.73654375381,-0.0130326345624619,98863.85376356028,-0.009478850567329111
2024-01-05,-0.004012974233010502,98300.6690831215,-0.016993309168785053,98999.26361370357,-0.005382634073169412
2024-01-08,0.02417452161144995,100677.04073229141,0.0,100412.57002691475,0.009898593067921402
2024-01-09,-0.0022633760875749864,100449.17072573013,-0.002263376087574967,100260.23717385206,-0.0007463065312250938
2024-01-10,0.005671317658626496,101018.84988146134,0.0,100827.25139375876,1.5892976920506285e-05
2024-01-11,-0.0032225006703640036,100693.31656999893,-0.003222500670363987,100782.82286148546,-0.0027818605491748416
2024-01-12,0.001778097092613562,100872.35906343766,-0.0014501334968234,100852.63912648639,0.001085357367542672
2024-01-16,-0.012316910885468713,99629.9232060463,-0.0137491832172397,100482.38629191568,-0.00864568484936723
2024-01-17,-0.0051734369187340645,99114.49408312149,-0.01885148960391531,99923.83680181719,0.00038524366908387897
2024-01-18,0.032570202297733886,102342.6732060463,0.0,100812.43973076867,0.023677399965554846
2024-01-19,0.01553279268995289,103932.34073229141,0.0,102069.18415436159,0.00306662852460593
2024-01-22,0.012163129248622395,105196.48322573013,0.0,102284.99279594034,0.01004879235677092
2024-01-23,0.006653129799876867,105896.36908312149,0.0,102583.30511218679,0.003736648035620682
2024-01-24,-0.0034838779595505187,105527.43905687638,-0.0034838779595505217,102695.44502622879,-0.004577037454844168
2024-01-25,-0.0016966439727796878,105348.39656343765,-0.005174611031788252,103253.99451632728,-0.0071355365152467876
2024-01-26,-0.009012595644284471,104398.93406343766,-0.014140569999226789,103122.82025943662,-0.0077421919421795105
2024-01-29,-0.0035858682652590845,104024.5732388527,-0.01767573204327301,103939.48912676085,-0.011505248915144928
2024-01-30,-0.01924555672041184,102022.56241426773,-0.03658110946007119,103859.09679202244,-0.01847210347935946
2024-01-31,-0.019357303150597582,100047.68074541398,-0.055230300985265025,102164.39460878717,-0.003039982515421147
2024-02-01,0.013340405621244944,101382.35738802262,-0.042626689981746964,103501.53782381551,0.0002522527461792379
2024-02-02,-0.005405008660299471,100834.38486833878,-0.04780130101353522,104591.1377313556,-0.015932387580937846
2024-02-05,0.009846434984247754,101827.24408312149,-0.03842553843187968,104210.30237035039,0.013487616916730505
2024-02-06,0.00863164507102443,102706.18071260757,-0.030125568970262206,104512.85673654647,0.005728339358304746
2024-02-07,0.0005810831512977899,102765.86154375381,-0.029561991279516343,105384.53666257854,-0.007759325419002705
2024-02-08,-0.005754610570464336,102174.48403063125,-0.03514648410247956,105431.0829914782,-0.006196291393607001
2024-02-09,0.0028143116203191987,102462.03486833877,-0.032431085640783404,106040.41440372894,-0.002965116940610857
2024-02-12,-0.009001789044205344,101539.69324541398,-0.041140936893575834,105993.86807482931,-0.008562840091003276
2024-02-13,-0.011274219909049643,100394.91241426773,-0.051951324832823005,104534.00887602149,0.0024988334318964966
2024-02-14,-0.004809697595643758,99912.04324541397,-0.05651115226632779,105483.97625355974,-0.013897336994080245
2024-02-15,-0.0015747436673364534,99754.70738802261,-0.05799690535449892,106211.78805633735,-0.008474481699851544
2024-02-16,-0.008430220264794897,98913.75323229142,-0.06593819893247889,105682.85543552205,-0.0034502398831941505
2024-02-20,-0.004113811140543877,98506.84073229141,-0.06978075277566692,105101.02955262523,0.0013915840392050294
2024-02-21,0.004185935669792196,98919.18403063125,-0.06588691484798333,105196.23355035376,0.0032801025097006775
2024-02-22,0.011243732830739761,100031.40490770646,-0.055383996884835925,107373.32202550468,-0.009451765493435627
2024-02-23,-0.010033974167737325,99027.69237490006,-0.06486224945852477,107447.3738837582,-0.010723641366782832
2024-02-26,-0.007451131228553787,98289.82404375382,-0.07183008355458391,107053.84465638916,-0.0037886012555572446
2024-02-27,0.008114259742060925,99087.3732060463,-0.0642986717677789,107252.72383835149,0.006256510657003167
2024-02-28,-0.00662535620198057,98430.88406343765,-0.07049802636598368,107110.97351172334,-0.005303708400831941
2024-02-29,-0.003693022876102625,98067.37655687638,-0.0739306984179966,107496.03155258714,-0.007287967709851517
2024-03-01,-0.006030318479862351,97475.99904375382,-0.07951519124095982,108505.23266869178,-0.01541858241415428
2024-03-04,-0.02538088041862019,95001.97236833877,-0.10287790609922948,108388.87007479124,-0.024308465835114812
2024-03-05,-0.02844051437328665,92300.06740770645,-0.1283925199054074,107305.61710043302,-0.01844637961008888
2024-03-06,-0.005878110550054605,91757.51740770646,-0.13351592502965792,107849.36138423842,-0.010945359576696734
2024-03-07,-0.0007095151729183957,91692.41405687637,-0.13413070862794152,108919.92049223282,-0.010635944910228456
2024-03-08,0.010236497660472965,92631.0232388527,-0.12526723965253614,108266.16054770877,0.016238704984620655
2024-03-11,0.011831385206635625,93726.97655687637,-0.11491793941200168,108173.06788990951,0.01269123520342419
2024-03-12,0.0027785136312201697,93987.3982388527,-0.11245872684190958,109336.72611240017,-0.007978861057227782
2024-03-13,-0.012122370170423613,92848.0482060463,-0.12321783069666105,109165.33954639774,-0.010554858757778396
2024-03-14,0.010927164010799517,93862.61405687638,-0.11363708813093891,108949.54381821305,0.01290394280415419
2024-03-15,-0.0021965257545991657,93656.44240770645,-0.11558400709478084,107866.28438715782,0.007746236675528095
2024-03-18,0.006372314558611647,94253.25071916885,-0.10994823018732193,108507.35046531807,0.00042915927332054515
2024-03-19,0.013584871835999435,95533.66905031509,-0.09785699096701213,109110.34140108395,0.00802772816619246
2024-03-20,0.01470897671042537,96938.87156343766,-0.08458739045767287,110119.53606049156,0.005459673239750051
2024-03-21,-0.040856847122873186,92978.25490770645,-0.12198826350009412,110483.44841857738,-0.04416155009479561
2024-03-22,0.0053100855395440405,93471.9773945839,-0.11732594607455603,110273.99316687755,0.0072058921485690375
2024-03-25,-0.008300268678065548,92696.13486833878,-0.12465237787729458,109969.32746075219,-0.00553746216878892
2024-03-26,-0.006672410556624153,92077.62819948501,-0.130493056591862,109766.21268553726,-0.004825397576687318
2024-03-27,0.02121226481393368,94030.80323229141,-0.11204884505073462,110688.66807702456,0.012808445743214936
2024-03-28,-0.010558960035531695,93037.9357388527,-0.12142468580934812,110667.51593754956,-0.010367864236454305
2024-04-01,-0.008455645947229251,92251.2398945839,-0.12885360760411996,110474.97723207211,-0.006715851719028665
2024-04-02,-0.006998668259881713,91605.60406999894,-0.13495047221029144,109772.56607541617,-0.0006405664140637368
2024-04-03,0.004797350335457917,92045.06824541398,-0.13080052656796176,109893.15134917528,0.003698849334066834
2024-04-04,-0.004892268791436782,91594.75903063126,-0.13505288402536664,108551.78545428836,0.007313823020643873
2024-04-05,0.0045017315842923455,92007.09405031509,-0.13115912427464116,109685.81389410177,-0.005945157290611958
2024-04-08,-0.006663444330006207,91394.00990114517,-0.13694859708167098,109747.16542929447,-0.007222783163485014
2024-04-09,0.0072423965532144585,92055.92156343766,-0.13069803657592846,109874.11700632659,0.006085632489782666
2024-04-10,-0.011139089712410621,91030.50239458389,-0.1403812691336839,108773.93457235197,-0.0011259723017716938
2024-04-11,0.043270221695691724,94969.41241426773,-0.10318537607532924,109594.83903292881,0.035723335910928355
2024-04-12,0.008626522766784772,95788.66821260758,-0.09544898430445764,108082.09302873648,0.022429599787024856
2024-04-15,-0.021863163672950936,93694.42488146134,-0.11522533121114334,106728.02681078872,-0.009335036394848228
2024-04-16,-0.01916698008112072,91898.5857060463,-0.13218378966409958,106533.376765382,-0.01734318504599086
2024-04-17,-0.008147259758325753,91149.86405687638,-0.13925411375219202,105902.88675695923,-0.002229020540101323
2024-04-18,-0.0057142338937953285,90629.01241426774,-0.14417261706933418,105684.9667754512,-0.0036564997924753984
2024-04-19,-0.012212406688623778,89522.21405687637,-0.15462432912494398,104762.51138396391,-0.0034840565776071974
2024-04-22,0.0050908036393404466,89977.95406999893,-0.1503206875830434,105727.28396779524,-0.004118335880953783
2024-04-23,0.006391584264826111,90553.05574541398,-0.14488989065965094,106981.91059476185,-0.005475046370921222
2024-04-24,0.01270207415992508,91703.26737490005,-0.13402821863590822,106931.13512930663,0.013176691458989365
2024-04-25,0.005147208647434454,92175.28322573013,-0.12957088119443672,106524.9120355738,0.008946131133776847
2024-04-26,-0.003472758660677533,91855.18071260757,-0.13259367145527468,107534.11960837546,-0.012946670007017325
2024-04-29,0.024807619195680752,94133.88905687637,-0.11107538556881365,107914.94851268368,0.021266148770339166
2024-04-30,-0.01827059865254388,92414.0065503151,-0.12731657043145314,106205.44112315535,-0.002429351326855622
2024-05-01,-0.006046982038412918,91855.18071260757,-0.13259367145527468,105860.57602131224,-0.0027998310620029887
2024-05-02,0.02203151924884894,93878.88989458389,-0.11348339223136815,106850.73633787119,0.012678081417945686
2024-05-03,0.05981531969293541,99494.2857060463,-0.06045611792459088,108175.18568653574,0.047419997076940223
2024-05-06,-0.009106628588079979,98588.22819948502,-0.06901219510085445,109292.29112342978,-0.019433446423467005
2024-05-07,0.0037971323023624493,98962.58074541397,-0.06547711123376633,109412.88931058295,0.002693685884380681
2024-05-08,0.001864071150823321,99147.05403719253,-0.06373509407703304,109423.46538032044,0.001767409141400833
2024-05-09,0.010014089708265894,100139.92153063125,-0.0543592533184194,110053.94893204619,0.004252221817001578
2024-05-10,-0.008235260278004364,99315.24321260757,-0.06214685099682861,110195.71217206842,-0.009523385251236971
2024-05-13,0.01764516830739482,101067.6773945839,-0.045598274335047324,110210.51092166448,0.017510873158297358
2024-05-14,0.006173380101549997,101691.6065831215,-0.03970638971294231,110716.17360637846,0.001585227116092769
2024-05-15,0.012217764846027768,102934.05071916885,-0.027973748199311914,112087.17574063966,-0.00016526908301162102
2024-05-16,0.0006324763319349724,102999.15406999893,-0.02735896460102845,111856.5554360708,0.0026899847225692053
2024-05-17,0.00015801913961799308,103015.42990770645,-0.02720526870145755,112017.3530189417,-0.0012795146932811363
2024-05-20,0.006162013856856108,103650.21241426773,-0.021210894087319233,112146.40947920606,0.005009902538509525
2024-05-21,0.006857173154940943,104360.95986833877,-0.01449916770590619,112421.45185935119,0.004404643631950478
2024-05-22,-0.007538299033635787,103574.25574541398,-0.021928167677635998,112097.75181037716,-0.0046589548904999445
2024-05-23,-0.021057791085930533,101393.2107060463,-0.042524199989713664,111278.96514642659,-0.013753570878770605
2024-05-24,0.01658789598528898,103075.11073885269,-0.026641691010711684,112015.23522231537,0.009971460660607834
2024-05-28,5.2687775942361625e-05,103080.54153719253,-0.026590406926215986,112093.51621712452,-0.0006461546150393627
2024-05-29,0.001578943752604145,103243.29991426773,-0.025053447930507254,111308.57555901277,0.008581495591475252
2024-05-30,0.0052550625604812495,103785.84991426773,-0.019930042806256605,110570.18768649767,0.011888764131153362
2024-05-31,0.005018522689161253,104306.70155687637,-0.015011539489114453,111577.27746267302,-0.004089626598156482
2024-06-03,0.009258641326903794,105272.43989458389,-0.005891884622105016,111668.25232384598,0.008443288387293135
2024-06-04,0.001649244321958676,105446.05986833878,-0.0042523574574048865,111793.08610425178,0.0005313457446283198
2024-06-05,0.007820776237607685,106270.72990770645,0.0,113121.75813277489,-0.004064323949035886
2024-06-06,-0.0070964429199715795,105516.5857388527,-0.00709644291997162,113119.64033614859,-0.007077721529310188
2024-06-07,0.012391866906246829,106824.13322573014,0.0,112982.12560277306,0.013607524355005451
2024-06-10,-0.01914750680636479,104778.71740770646,-0.019147506806364768,113331.21338447471,-0.022237267950786843
2024-06-11,0.07264811047541664,112390.69324541398,0.0,113604.15088138763,0.07023979339522302
2024-06-12,0.028578018272419126,115602.59653063126,0.0,114537.1823426124,0.02036501325468043
2024-06-13,0.005491074816758923,116237.37903719254,0.0,114767.80264718125,0.003477577541446175
2024-06-14,-0.008168306166781436,115287.91653719253,-0.008168306166781415,114837.6253688792,-0.00877668865810266
2024-06-17,0.01967122916575126,117555.77156343765,0.0,115751.60957386126,0.011712302794310014
2024-06-18,-0.010984332219478476,116264.49991426773,-0.010984332219478518,116045.69921024915,-0.013525028089458768
2024-06-20,-0.021512635696971594,113763.3440831215,-0.03226066597903798,115730.45743438628,-0.018796104382082346
2024-06-21,-0.010444291660948513,112575.16653719253,-0.042368017835325,115203.64261019729,-0.00589220713741101
2024-06-24,0.003132610853576523,112927.82072573014,-0.039368129494263826,114829.15418237395,0.006383275670577504
2024-06-25,0.004468126646369974,113432.39653063126,-0.03507590463630497,115271.34753526893,0.0006172461270144147
2024-06-26,0.019993009894952785,115700.25155687638,-0.015784167649820265,115415.21565852342,0.01874492764094371
2024-06-27,0.00398591018823935,116161.42236833878,-0.011861171736229244,115597.16538086931,0.002409430680682778
2024-06-28,-0.016253932864607745,114273.34240770646,-0.02792231391174077,115142.27816161053,-0.012318825824915058
2024-07-01,0.029104199449281554,117599.17655687638,0.0,115379.25185605833,0.027046104905458224
2024-07-02,0.016239725259470816,119508.95487490005,0.0,116155.72132766483,0.00951001034872423
2024-07-03,0.005810973231541228,120203.41821260758,0.0,116674.07787874262,0.001348372981179402
2024-07-05,0.021620107780918163,122802.22906999894,0.0,117346.8786228124,0.015853610575180754
2024-07-08,0.006538806068207448,123605.20903063126,0.0,117482.28847295568,0.005384878058085185
2024-07-09,0.003774800885411045,124071.7940831215,0.0,117596.53327022992,0.002802358155879592
2024-07-10,0.018803360368660815,126404.7607388527,0.0,118760.18503602357,0.00890807065701904
2024-07-11,-0.023220559028511722,123469.57153063126,-0.023220559028511743,117736.16580023176,-0.01459797869587598
2024-07-12,0.013050712525042751,125080.93741426773,-0.01047289134402095,118478.78926599948,0.006743190441915292
2024-07-15,0.01674310549984237,127175.18074541398,0.0,118804.6200249939,0.013992986588153622
2024-07-16,0.0017918455777425901,127403.05903063125,0.0,119509.14897827616,-0.004138302198783528
2024-07-17,-0.02529569030057688,124180.3107060463,-0.025295690300576844,117833.49405128365,-0.011274546803880181
2024-07-18,-0.020534588844450696,121630.31908312149,-0.04531084254516868,116927.95520601871,-0.012849686919444325
2024-07-19,0.000579905978226769,121700.85323229141,-0.04475721259541242,116151.48573441221,0.007220486241846569
2024-07-22,-0.0015602810314233606,121510.96569948502,-0.046247659797003814,117348.99641943873,-0.011870185183357251
2024-07-23,0.004688226069111012,122080.63657656021,-0.04177625321218844,117164.92890046652,0.00625677394415447
2024-07-24,-0.028753938877858598,118570.33741426773,-0.06932896025863777,114509.6768132585,-0.0060914227808812615
2024-07-25,-0.004804497393685048,118000.66653719253,-0.07380036684345327,113913.03926737155,0.00040587052011087366
2024-07-26,0.0021609976432812594,118255.66569948502,-0.07179885161899403,115188.8309472072,-0.009038700723480453
2024-07-29,0.0012846178388912222,118407.57903719254,-0.07060646786570444,115256.53587227884,0.0006968444886896741
2024-07-30,0.0025659394262220747,118711.40571260758,-0.06822170035912527,114672.59219275569,0.007632408543168601
2024-07-31,0.014990668563185316,120490.96905031509,-0.054253720694840614,116536.55023197303,-0.0012639394785005642
2024-08-01,-0.016750522285613578,118472.68238802261,-0.0700954648228778,114886.28303770811,-0.002589581439330191
2024-08-02,0.006869305088700095,119286.50738802261,-0.06370766686738027,112747.28261834563,0.025487719426819155
2024-08-05,-0.048166407407946865,113540.90487490005,-0.10880550483798315,109463.66477603819,-0.019042709115167367
2024-08-06,-0.009748087152087082,112434.09823885269,-0.11749294644628278,110472.8723488399,-0.018967653981559862
2024-08-07,0.012498083889047162,113839.30903063125,-0.1064632992582925,109734.47156293072,0.019182084858783144
2024-08-08,0.01663304369803109,115732.80323229141,-0.09160106426906114,112271.24325961189,-0.006484320066976634
2024-08-09,0.013735740952462994,117322.47903719253,-0.07912353180636789,112766.31696119433,0.00932611933245786
2024-08-12,0.00596548814118969,118022.3648945839,-0.07363005415585804,112825.56361315477,0.005440094978080179
2024-08-13,0.01719284291692147,120051.50487490006,-0.0577031211940027,114681.05046586688,0.0007472184210934874
2024-08-14,0.002033675833744919,120295.65071916886,-0.05578679480336162,115042.8450273264,-0.0011211135581363774
2024-08-15,0.013530414360530374,121923.30071916885,-0.04301119889236657,117014.70738733311,-0.0036098289943546913
2024-08-16,0.0059184133728531485,122644.89321260758,-0.03734734357422041,117277.05590111444,0.003676400213661779
2024-08-19,-0.0007078157484059489,122558.08322573014,-0.03802872428468336,118398.39047456405,-0.01026923050966233
2024-08-20,0.0027446443512870733,122894.4615765602,-0.03538845525669091,118205.86468248066,0.004370728889359743
2024-08-21,-0.0004856266944874843,122834.78074541397,-0.03585689637262902,118612.08131951648,-0.0039221451627291515
2024-08-22,-0.008259597523382678,121820.2148945839,-0.043820330363536095,117681.15474152395,-0.0004111004087858916
2024-08-23,0.01028802302228371,123073.50406999893,-0.03398313190887648,118931.55868863197,-0.0003373311378995769
2024-08-26,0.0014988198679843912,123257.9690831215,-0.03253524663417351,118648.04512198157,0.003882657848218396
2024-08-27,0.0037415090877523927,123719.13989458389,-0.028915468467375232,118810.96050147877,0.002368411205442511
2024-08-28,-0.006753388021475737,122883.61653719253,-0.03547357911046799,118121.23029779257,-0.0009481138213938145
2024-08-29,0.014569951857929864,124674.02491426773,-0.02142047559240615,118131.8063675301,0.014480416135089547
2024-08-30,-0.0034378520921747313,124245.41405687637,-0.0247846872577502,119259.49433085862,-0.012983866819318512
2024-09-03,-0.027204900942492727,120865.32987490005,-0.05131532323850518,116805.25213563329,-0.0066258920426511825
2024-09-04,-0.008618641984756703,119823.63486833878,-0.05949169682393709,116566.17355795324,-0.006571828392826551
2024-09-05,0.006927688670266274,120653.7357060463,-0.05297614810773287,116282.65999130288,0.009359899988495957
2024-09-06,-0.007014923081015145,119807.35903063125,-0.05961944758464378,114325.60929428627,0.009815193267913913
2024-09-09,0.00040755019990124097,119856.18654375382,-0.059236195302523706,115605.62365398047,-0.010788667057067824
2024-09-10,-0.0036213537928037054,119422.14488802261,-0.06264303387479737,116109.16854206815,-0.007977066535592381
2024-09-11,0.011584988337200564,120805.64904375382,-0.051783764354443276,117300.3258372157,0.0013260457394332903
2024-09-12,0.0004940235131274395,120865.32987490005,-0.05131532323850518,118288.38127054239,-0.007929273065757414
2024-09-13,-0.0012120168635232353,120718.83905687637,-0.052465145064906224,118906.1709559043,-0.006434758765358373
2024-09-16,-0.027774911127710356,117365.88403063126,-0.07878284145113636,119081.78020176532,-0.029251783559555378
2024-09-17,0.00217261502984889,117620.87491426773,-0.07678139120671831,119130.43787059424,0.0017640078630223321
2024-09-18,0.017989578539828965,119736.82488146133,-0.06017307753440004,118777.11449563995,0.020955431610377384
2024-09-19,0.03706508027617028,124174.87990770645,-0.025338317207506456,120803.97500096043,0.0200006776433308
2024-09-20,-0.0029273835966779904,123811.37240114517,-0.028191525830023746,120226.38471131622,0.0018538356441591963
2024-09-23,-0.0075809609713011206,122872.76321916886,-0.03555876794428602,120526.81482418897,-0.010079831028769304
2024-09-24,0.003973961972895568,123361.05490770645,-0.031726115163003984,120871.67992603205,0.0011126476475635805
2024-09-25,-0.004398065502973503,122818.50490770645,-0.035984647133335705,120605.0958189981,-0.002192552125504954
2024-09-26,0.005080158463600215,123442.44237490006,-0.031087296379429575,121083.25297435815,0.0011155071185386944
2024-09-27,0.0011866464770908802,123588.92491426773,-0.029937539533069595,120907.64372849713,0.0026369646800400437
2024-09-30,0.02287170265919447,126415.61405687638,-0.007750559376423307,121392.15427373613,0.018864424622025977
2024-10-01,-0.029141264588834148,122731.70319948501,-0.03666596286375758,120304.66570612532,-0.020182789684776048
2024-10-02,0.0025197172942041934,123040.95239458389,-0.03423863343028986,120355.44117158055,0.002097659968686605
2024-10-03,-0.0048945559947790596,122438.72156343765,-0.038965606516559684,120135.40985014326,-0.003066376734286669
2024-10-04,0.005007273363698772,123051.80571260757,-0.0341534445964717,121227.12109761265,-0.00408006607128697
2024-10-07,-0.022530598515728917,120279.37488146134,-0.055914545564068316,120131.17425689063,-0.01349015582601476
2024-10-08,0.018403861806068456,122492.97987490006,-0.03853972732751001,121267.32049333038,0.008946314724990412
2024-10-09,0.016698161326931693,124538.38741426774,-0.022485108584989054,122107.27221014997,0.00977171392624232
2024-10-10,-0.0021782440389053193,124267.11241426773,-0.02461437457015497,121893.58136519755,-0.0004282184991925009
2024-10-11,-0.006505294811753659,123458.71821260758,-0.030959545618722887,122623.51096460145,-0.01249354777166145
2024-10-14,0.01647969887793832,125493.28071260758,-0.01499005072997901,123626.3651475242,0.008301379932134756
2024-10-15,0.01102452775060958,126876.78486833877,-0.0041307812096250335,122665.82815694547,0.018794205273947706
2024-10-16,-0.0088517570406621,125753.70239458389,-0.012945973578631358,123198.98345761932,-0.01319816148503361
2024-10-17,0.0015963017152387238,125954.44324541398,-0.011370337543221696,123209.55952735682,0.0015104562850194458
2024-10-18,0.012276429251881105,127500.71405687637,0.0,123683.49400285832,0.008429856978434458
2024-10-21,0.006297781843152217,128303.6857388527,0.0,123480.37922764338,0.007939995922342402
2024-10-22,-0.0026217356804132397,127967.30738802261,-0.0026217356804132904,123414.79209919805,-0.002090581428575211
2024-10-23,-0.021622775128590233,125200.29907656022,-0.024187821607939367,122287.10413586952,-0.012485394234879155
2024-10-24,-0.0008233011158058634,125097.22153063126,-0.024991208863226488,122551.57044627715,-0.00298596832651854
2024-10-25,0.0036430866133263518,125552.96154375382,-0.021439167388360637,122509.25325393312,0.003988387715465946
2024-10-28,0.008599312898596168,126632.63074541398,-0.013024216598422298,122887.97727500906,0.0055079217504439
2024-10-29,0.0011568173002596271,126779.12156343766,-0.011882465937246072,123086.85645697138,-0.0004615605620208463
2024-10-30,-0.015277745824494482,124842.22236833877,-0.026978674467383078,122714.48582577436,-0.01225247861144163
2024-10-31,-0.01820927072154943,122568.93654375382,-0.04469668320184734,120308.90129937792,0.0013938308210980077
2024-11-01,-0.013279465792044198,120941.28654375381,-0.05738260091829472,120816.66886732416,-0.01749999779310285
2024-11-04,-0.004037496054062117,120452.98657656022,-0.06118841494757737,120556.43815016914,-0.00188356547813473
2024-11-05,0.006486126635709244,121234.25990114517,-0.05509916411985646,122014.17955235067,-0.005605649005220981
2024-11-06,-0.003266891572557551,120838.20071916886,-0.05818605269749591,125048.12983384653,-0.028132446482871165
2024-11-07,0.021371842714587475,123420.73573885269,-0.03805775314934203,126015.02021430417,0.013639696846093674
2024-11-08,-0.0022858398767335864,123138.61569948502,-0.040256599096307986,126560.8822947359,-0.006617562234143115
2024-11-11,-0.012028456323133097,121657.4482388527,-0.05180083067549322,126681.48048188907,-0.012981343067967388
2024-11-12,0.0,121657.4482388527,-0.05180083067549322,126287.95771121708,0.003106395419244068
2024-11-13,0.003969088418702693,122140.31740770645,-0.04803734433390382,126349.30924640979,0.003483281724979692
2024-11-14,0.013770295895401796,123822.22571916885,-0.034928536884009216,125536.86305894412,0.02020045520779834
2024-11-15,-0.014109031332183775,122075.21405687637,-0.04854476039490915,123928.91305702325,-0.0013004429802040418
2024-11-18,0.01342208023702729,123713.71737490005,-0.03577425182698958,124436.69353836356,0.009324727417458378
2024-11-19,0.001140213249403832,123854.7773945839,-0.03467482885350649,124891.56784422828,-0.002515254385827781
2024-11-20,0.003153989458541062,124245.41405687637,-0.03163020343964609,124933.8850365723,0.002815157997983153
2024-11-21,-0.0020960265129551514,123984.99237490006,-0.03365993220758163,125604.56798401575,-0.007464329493744759
2024-11-22,0.0059074692733107614,124717.42990770645,-0.027951307949528884,125993.8680748292,0.0028080589806613876
2024-11-25,0.013050701904332884,126345.07990770646,-0.0152653902330815,126421.24976473405,0.009658618651114281
2024-11-26,0.009404290419958716,127533.26573229142,-0.006004659976248718,127081.35664244,0.004182803692573955
2024-11-27,-0.000553064714252538,127462.7315831215,-0.006554403724947301,126696.29214487919,0.0024769981347321224
2024-11-29,0.010215730912250587,128764.85655031509,0.0,127483.3376862232,0.00400366639149885
2024-12-02,0.009522474163629502,129991.01656999893,0.0,127711.84019416575,0.00773006338987825
2024-12-03,0.012771664682851736,131651.21824541397,0.0,127771.07393273212,0.0123078569538555
2024-12-04,0.0014836044341204335,131846.53657656023,0.0,128564.47286395504,-0.0047259303753046655
2024-12-05,0.00012344531855079666,131862.81241426774,0.0,128352.89981562895,0.0017691025021647766
2024-12-06,-0.0008228881386811437,131754.3040699989,-0.0008228881386811146,128596.2139865616,-0.002718553692651282
2024-12-09,0.01610097295759272,133875.6765568764,0.0,127933.98931222934,0.021250616588636695
2024-12-10,0.004133710710239047,134429.07987490005,0.0,127536.23094830473,0.007242801312845604
2024-12-11,-0.005166020167316265,133734.61653719255,-0.0051660201673163035,128522.16858500511,-0.012896667602710687
2024-12-12,0.005963670311722513,134532.165699485,0.0,127859.94391067284,0.011116280803929346
2024-12-13,0.0006855795867239944,134624.39820604632,0.0,127834.55617794524,0.0008841385094883192
2024-12-16,0.011727548863802228,136203.2124142677,0.0,128380.4053449829,0.007457583188184458
2024-12-17,0.009719472111703986,137527.0357388527,0.0,127851.47272416762,0.013839513790914637
2024-12-18,-0.0214215518455535,134580.99321260757,-0.021421551845553465,124041.05297106526,0.008381935528605444
2024-12-19,0.00701459900930268,135525.0249142677,-0.014557216432604292,124002.95845857979,0.007321711143334353
2024-12-20,0.01881565138643526,138075.0165371925,0.0,125071.41268334191,0.010199290631469626
2024-12-23,0.0030649160747595605,138498.20487490005,0.0,125820.37662559454,-0.0029233743441616777
2024-12-24,0.011477952413440962,140087.88067980116,0.0,127218.87137581558,0.0003629423671542842
2024-12-26,0.0031757095209381525,140532.75909624406,0.0,127227.34256232082,0.003109122021665245
2024-12-27,-0.013242055007051223,138671.81656999892,-0.013242055007051213,125888.08155066616,-0.0027155362204260847
2024-12-30,-0.01326328748225003,136832.57240114518,-0.026329709306886936,124451.49228795961,-0.0018516491046459693
2024-12-31,-0.007554276036559782,135798.90137843438,-0.033685083451380084,123998.73577872122,-0.003916260124377735
