,IC
2020-01-21,-0.2289210233592881
2020-01-22,-0.17196885428253617
2020-01-23,-0.30233592880978866
2020-01-24,-0.1768631813125695
2020-01-25,-0.18086763070077863
2020-01-26,-0.3090100111234705
2020-01-27,-0.21067853170189096
2020-01-28,-0.17997775305895441
2020-01-29,-0.20667408231368187
2020-01-30,-0.16529477196885425
2020-01-31,-0.11234705228031144
2020-02-01,-0.2547274749721913
2020-02-02,-0.2636262513904338
2020-02-03,-0.19288097886540603
2020-02-04,-0.4046718576195773
2020-02-05,-0.27430478309232476
2020-02-06,-0.27697441601779754
2020-02-07,-0.13993325917686317
2020-02-08,-0.27341490545050057
2020-02-09,-0.24849833147942155
2020-02-10,-0.36017797552836484
2020-02-11,-0.2146829810901001
2020-02-12,-0.2453837597330367
2020-02-13,-0.24671857619577306
2020-02-14,-0.18086763070077863
2020-02-15,-0.1132369299221357
2020-02-16,-0.15417130144605118
2020-02-17,-0.046941045606229144
2020-02-18,-0.021134593993325918
2020-02-19,-0.10923248053392658
2020-02-20,-0.08476084538375972
2020-02-21,-0.12258064516129033
2020-02-22,-0.058954393770856504
2020-02-23,-0.024249165739710785
2020-02-24,-0.13147942157953282
2020-02-25,0.0011123470522803117
2020-02-26,0.189321468298109
2020-02-27,0.1599555061179088
2020-02-28,0.3904338153503893
2020-02-29,0.33125695216907675
2020-03-01,0.13370411568409346
2020-03-02,0.046496106785317015
2020-03-03,0.06785317018909899
2020-03-04,0.11279199110122358
2020-03-05,0.061179087875417135
2020-03-06,0.047830923248053395
2020-03-07,-0.022914349276974413
2020-03-08,-0.05005561735261402
2020-03-09,0.0064516129032258064
2020-03-10,-0.040711902113459396
2020-03-11,0.034482758620689655
2020-03-12,0.04961067853170189
2020-03-13,-0.09543937708565071
2020-03-14,-0.03759733036707453
2020-03-15,-0.2489432703003337
2020-03-16,-0.2667408231368187
2020-03-17,-0.30945494994438266
2020-03-18,-0.2800889877641824
2020-03-19,-0.011345939933259176
2020-03-20,0.011345939933259176
2020-03-21,0.1350389321468298
2020-03-22,0.15951056729699667
2020-03-23,0.16129032258064516
2020-03-24,-0.0024471635150166847
2020-03-25,-0.0843159065628476
2020-03-26,-0.3343715239154616
2020-03-27,-0.25294771968854285
2020-03-28,-0.20266963292547271
2020-03-29,-0.20444938820912126
2020-03-30,-0.2253615127919911
2020-03-31,-0.24271412680756396
2020-04-01,-0.16974416017797553
2020-04-02,-0.17508342602892102
2020-04-03,-0.18665183537263624
2020-04-04,-0.12614015572858733
2020-04-05,-0.2
2020-04-06,-0.17997775305895441
2020-04-07,-0.06473859844271414
2020-04-08,0.1546162402669633
2020-04-09,0.16440489432703
2020-04-10,0.009121245828698554
2020-04-11,-0.09232480533926585
2020-04-12,0.07052280311457175
2020-04-13,0.12347052280311456
2020-04-14,-0.013125695216907676
2020-04-15,0.08876529477196884
2020-04-16,-0.04293659621802002
2020-04-17,-0.1096774193548387
2020-04-18,-0.14705228031145717
2020-04-19,-0.053170189098998885
2020-04-20,-0.21023359288097884
2020-04-21,-0.15239154616240266
2020-04-22,-0.17953281423804227
2020-04-23,-0.1604004449388209
2020-04-24,-0.1835372636262514
2020-04-25,-0.24404894327030033
2020-04-26,-0.18309232480533927
2020-04-27,-0.0967741935483871
2020-04-28,-0.09766407119021134
2020-04-29,-0.0371523915461624
2020-04-30,-0.03492769744160178
2020-05-01,-0.016240266963292546
2020-05-02,0.00778642936596218
2020-05-03,0.1421579532814238
2020-05-04,0.04382647385984427
2020-05-05,0.17864293659621802
2020-05-06,-0.05094549499443826
2020-05-07,0.05850945494994438
2020-05-08,0.1474972191323693
2020-05-09,0.2556173526140155
2020-05-10,0.23114571746384868
2020-05-11,0.189321468298109
2020-05-12,0.29076751946607343
2020-05-13,0.21913236929922134
2020-05-14,0.23159065628476083
2020-05-15,0.27875417130144603
2020-05-16,0.17508342602892102
2020-05-17,0.1946607341490545
2020-05-18,0.24048943270300333
2020-05-19,0.04916573971078977
2020-05-20,0.055394883203559515
2020-05-21,0.11679644048943269
2020-05-22,0.09276974416017797
2020-05-23,-0.09010011123470522
2020-05-24,-0.08075639599555061
2020-05-25,-0.11368186874304784
2020-05-26,-0.22580645161290322
2020-05-27,-0.2622914349276974
2020-05-28,-0.33303670745272523
2020-05-29,-0.2938820912124583
2020-05-30,-0.2040044493882091
2020-05-31,-0.3098998887652948
2020-06-01,-0.31657397107897667
2020-06-02,-0.3530589543937709
2020-06-03,-0.2703003337041157
2020-06-04,-0.24004449388209118
2020-06-05,-0.2511679644048943
2020-06-06,-0.17374860956618463
2020-06-07,-0.2382647385984427
2020-06-08,-0.25339265850945497
2020-06-09,-0.3081201334816463
2020-06-10,-0.11012235817575085
2020-06-11,-0.11946607341490545
2020-06-12,-0.01668520578420467
2020-06-13,0.03982202447163515
2020-06-14,0.11946607341490545
2020-06-15,0.18442714126807563
2020-06-16,0.26941045606229147
2020-06-17,0.41401557285873186
2020-06-18,0.35884315906562847
2020-06-19,0.3939933259176863
2020-06-20,0.40956618464961064
2020-06-21,0.3971078976640712
2020-06-22,0.31123470522803115
2020-06-23,0.09855394883203561
2020-06-24,0.05494994438264739
2020-06-25,0.0967741935483871
2020-06-26,-0.009566184649610678
2020-06-27,0.17285873192436038
2020-06-28,0.13592880978865407
2020-06-29,0.0731924360400445
2020-06-30,0.07942157953281423
2020-07-01,-0.1203559510567297
2020-07-02,-0.08743047830923248
2020-07-03,-0.038042269187986644
2020-07-04,-0.03626251390433815
2020-07-05,0.13147942157953282
2020-07-06,-0.055394883203559515
2020-07-07,-0.12258064516129033
2020-07-08,0.058064516129032254
2020-07-09,0.16885428253615126
2020-07-10,0.08654060066740822
2020-07-11,0.05228031145717464
2020-07-12,0.02469410456062291
2020-07-13,0.2360400444938821
2020-07-14,0.2520578420467186
2020-07-15,0.14616240266963293
2020-07-16,0.15639599555061176
2020-07-17,0.09010011123470522
2020-07-18,0.3263626251390434
2020-07-19,0.17775305895439378
2020-07-20,0.09098998887652948
2020-07-21,-0.046496106785317015
2020-07-22,0.0033370411568409346
2020-07-23,-0.03492769744160178
2020-07-24,-0.0424916573971079
2020-07-25,-0.07630700778642936
2020-07-26,-0.06473859844271414
2020-07-27,0.07096774193548387
2020-07-28,0.18887652947719688
2020-07-29,0.0878754171301446
2020-07-30,-0.02469410456062291
2020-07-31,-0.033592880978865404
2020-08-01,-0.035817575083426034
2020-08-02,-0.09010011123470522
2020-08-03,-0.08298109010011123
2020-08-04,0.010901001112347052
2020-08-05,0.04382647385984427
2020-08-06,-0.058954393770856504
2020-08-07,-0.07408231368186874
2020-08-08,0.04827586206896552
2020-08-09,-0.11635150166852058
2020-08-10,0.0028921023359288096
2020-08-11,-0.005116796440489433
2020-08-12,-0.01935483870967742
2020-08-13,0.03270300333704116
2020-08-14,-0.06251390433815351
2020-08-15,0.055394883203559515
2020-08-16,0.1906562847608454
2020-08-17,0.19555061179087874
2020-08-18,0.17508342602892102
2020-08-19,0.16974416017797553
2020-08-20,0.13414905450500555
2020-08-21,0.12836484983314794
2020-08-22,0.24449388209121245
2020-08-23,0.2253615127919911
2020-08-24,0.4634037819799778
2020-08-25,0.2556173526140155
2020-08-26,0.21112347052280311
2020-08-27,0.18175750834260287
2020-08-28,0.17908787541713014
2020-08-29,0.15728587319243603
2020-08-30,0.10211345939933258
2020-08-31,0.21512791991101224
2020-09-01,0.17374860956618463
2020-09-02,0.047830923248053395
2020-09-03,0.04338153503893215
2020-09-04,0.11056729699666296
2020-09-05,0.17597330367074526
2020-09-06,0.04204671857619577
2020-09-07,0.12703003337041155
2020-09-08,0.05050055617352613
2020-09-09,0.12747497219132367
2020-09-10,0.08743047830923248
2020-09-11,0.09232480533926585
2020-09-12,0.1959955506117909
2020-09-13,0.2569521690767519
2020-09-14,0.182202447163515
2020-09-15,-0.029143492769744164
2020-09-16,0.05494994438264739
2020-09-17,0.02736373748609566
2020-09-18,-0.0064516129032258064
2020-09-19,0.0731924360400445
2020-09-20,-0.07630700778642936
2020-09-21,-0.13192436040044492
2020-09-22,-0.2640711902113459
2020-09-23,-0.31657397107897667
2020-09-24,-0.2004449388209121
2020-09-25,-0.21334816462736375
2020-09-26,-0.11724137931034483
2020-09-27,-0.15283648498331479
2020-09-28,-0.1474972191323693
2020-09-29,-0.16307007786429364
2020-09-30,-0.10834260289210233
2020-10-01,0.01757508342602892
2020-10-02,-0.005116796440489433
2020-10-03,0.035817575083426034
2020-10-04,0.1657397107897664
2020-10-05,0.2360400444938821
2020-10-06,0.17552836484983317
2020-10-07,0.03937708565072302
2020-10-08,0.0771968854282536
2020-10-09,0.09010011123470522
2020-10-10,0.303670745272525
2020-10-11,0.3098998887652948
2020-10-12,0.3913236929922136
2020-10-13,0.46206896551724136
2020-10-14,0.3668520578420467
2020-10-15,0.2867630700778643
2020-10-16,0.11101223581757509
2020-10-17,-0.022914349276974413
2020-10-18,-0.030478309232480537
2020-10-19,-0.07007786429365963
2020-10-20,-0.21512791991101224
2020-10-21,-0.12791991101223582
2020-10-22,-0.017130144605116793
2020-10-23,-0.17241379310344826
2020-10-24,-0.24271412680756396
2020-10-25,-0.28854282536151277
2020-10-26,-0.13770856507230256
2020-10-27,-0.0825361512791991
2020-10-28,0.010456062291434927
2020-10-29,0.022914349276974413
2020-10-30,0.023804226918798663
2020-10-31,-0.01579532814238042
2020-11-01,-0.11101223581757509
2020-11-02,-0.1546162402669633
2020-11-03,-0.0914349276974416
2020-11-04,-0.13815350389321468
2020-11-05,0.010901001112347052
2020-11-06,0.04916573971078977
2020-11-07,0.055394883203559515
2020-11-08,0.15728587319243603
2020-11-09,-0.010901001112347052
2020-11-10,0.17419354838709677
2020-11-11,0.2738598442714127
2020-11-12,0.1839822024471635
2020-11-13,0.43804226918798667
2020-11-14,0.4771968854282535
2020-11-15,0.4309232480533926
2020-11-16,0.34015572858731924
2020-11-17,0.41846496106785314
2020-11-18,0.3010011123470523
2020-11-19,0.1635150166852058
2020-11-20,0.15372636262513903
2020-11-21,-0.010011123470522802
2020-11-22,-0.08387096774193549
2020-11-23,-0.15194660734149054
2020-11-24,-0.14972191323692993
2020-11-25,-0.09899888765294772
2020-11-26,-0.16262513904338155
2020-11-27,-0.08565072302558399
2020-11-28,-0.09054505005561733
2020-11-29,-0.05183537263626252
2020-11-30,-0.07096774193548387
2020-12-01,-0.16751946607341492
2020-12-02,-0.14126807563959956
2020-12-03,-0.19955506117908786
2020-12-04,-0.14571746384872078
2020-12-05,-0.0424916573971079
2020-12-06,0.017130144605116793
2020-12-07,-0.09098998887652948
2020-12-08,-0.1114571746384872
2020-12-09,-0.12347052280311456
2020-12-10,0.0424916573971079
2020-12-11,0.01579532814238042
2020-12-12,-0.1292547274749722
2020-12-13,-0.14171301446051168
2020-12-14,-0.1764182424916574
2020-12-15,-0.15595105672969967
2020-12-16,-0.3419354838709677
2020-12-17,-0.35884315906562847
2020-12-18,-0.4202447163515017
2020-12-19,-0.3592880978865406
2020-12-20,-0.3868743047830923
2020-12-21,-0.3890989988876529
2020-12-22,-0.3010011123470523
2020-12-23,-0.3081201334816463
2020-12-24,-0.19955506117908786
2020-12-25,-0.11635150166852058
2020-12-26,-0.030478309232480537
2020-12-27,0.038042269187986644
2020-12-28,0.32458286985539486
2020-12-29,0.32591768631813123
2020-12-30,0.2756395995550612
2020-12-31,0.19199110122358176
2021-01-01,-0.008231368186874304
2021-01-02,-0.04338153503893215
2021-01-03,-0.06696329254727475
2021-01-04,0.03136818687430478
2021-01-05,-0.040711902113459396
2021-01-06,0.011790878754171301
2021-01-07,0.11635150166852058
2021-01-08,0.1906562847608454
2021-01-09,0.20133481646273638
2021-01-10,0.14126807563959956
2021-01-11,0.18665183537263624
2021-01-12,0.058954393770856504
2021-01-13,0.06696329254727475
2021-01-14,0.09766407119021134
2021-01-15,0.14660734149054505
2021-01-16,0.06696329254727475
2021-01-17,0.09810901001112346
2021-01-18,0.17597330367074526
2021-01-19,0.16307007786429364
2021-01-20,0.13770856507230256
2021-01-21,0.04293659621802002
2021-01-22,0.023804226918798663
2021-01-23,0.06562847608453837
2021-01-24,0.13592880978865407
2021-01-25,0.1604004449388209
2021-01-26,0.07764182424916574
2021-01-27,0.09098998887652948
2021-01-28,0.0843159065628476
2021-01-29,0.01757508342602892
2021-01-30,-0.1532814238042269
2021-01-31,-0.16840934371523916
2021-02-01,-0.23470522803114574
2021-02-02,-0.14171301446051168
2021-02-03,-0.12169076751946609
2021-02-04,-0.2413793103448276
2021-02-05,-0.08832035595105672
2021-02-06,-0.06251390433815351
2021-02-07,-0.0046718576195773085
2021-02-08,0.08031145717463849
2021-02-09,0.20756395995550608
2021-02-10,0.29299221357063404
2021-02-11,0.303670745272525
2021-02-12,0.2587319243604005
2021-02-13,0.24671857619577306
2021-02-14,0.2912124582869855
2021-02-15,0.418020022246941
2021-02-16,0.4816462736373748
2021-02-17,0.41045606229143494
2021-02-18,0.3882091212458286
2021-02-19,0.41935483870967744
2021-02-20,0.29299221357063404
2021-02-21,0.2756395995550612
2021-02-22,0.31523915461624025
2021-02-23,0.45494994438264746
2021-02-24,0.5194660734149055
2021-02-25,0.4291434927697442
2021-02-26,0.39221357063403783
2021-02-27,0.22313681868743046
2021-02-28,0.05183537263626252
2021-03-01,0.030033370411568408
2021-03-02,-0.08520578420467186
2021-03-03,-0.22135706340378197
2021-03-04,-0.11501668520578419
2021-03-05,-0.16262513904338155
2021-03-06,-0.07185761957730812
2021-03-07,-0.1239154616240267
2021-03-08,-0.24671857619577306
2021-03-09,-0.13236929922135707
2021-03-10,-0.04916573971078977
2021-03-11,-0.1003337041156841
2021-03-12,-0.17330367074527253
2021-03-13,-0.18086763070077863
2021-03-14,-0.06518353726362626
2021-03-15,-0.09944382647385984
2021-03-16,-0.09010011123470522
2021-03-17,-0.0020022246941045607
2021-03-18,0.1884315906562848
2021-03-19,0.09499443826473859
2021-03-20,0.14482758620689654
2021-03-21,0.11457174638487205
2021-03-22,0.10923248053392658
2021-03-23,-0.04204671857619577
2021-03-24,-0.12791991101223582
2021-03-25,-0.15283648498331479
2021-03-26,-0.08342602892102337
2021-03-27,-0.03314794215795328
2021-03-28,-0.09499443826473859
2021-03-29,0.01579532814238042
2021-03-30,-0.060289210233592884
2021-03-31,0.059844271412680755
2021-04-01,0.16974416017797553
2021-04-02,-0.08743047830923248
2021-04-03,-0.0006674082313681868
2021-04-04,0.02246941045606229
2021-04-05,0.07452725250278086
2021-04-06,0.1906562847608454
2021-04-07,0.04427141268075639
2021-04-08,-0.028253615127919914
2021-04-09,-0.030478309232480537
2021-04-10,0.12791991101223582
2021-04-11,0.004226918798665183
2021-04-12,-0.0037819799777530586
2021-04-13,-0.08298109010011123
2021-04-14,-0.20667408231368187
2021-04-15,-0.24048943270300333
2021-04-16,-0.16840934371523916
2021-04-17,-0.19510567296996661
2021-04-18,-0.16307007786429364
2021-04-19,-0.035817575083426034
2021-04-20,-0.1546162402669633
2021-04-21,-0.10567296996662959
2021-04-22,-0.25428253615127916
2021-04-23,-0.24404894327030033
2021-04-24,-0.25428253615127916
2021-04-25,-0.18665183537263624
2021-04-26,-0.06740823136818688
2021-04-27,-0.07986651835372637
2021-04-28,-0.06162402669632924
2021-04-29,-0.017130144605116793
2021-04-30,0.08298109010011123
2021-05-01,0.11768631813125695
2021-05-02,0.17463848720800887
2021-05-03,-0.021134593993325918
2021-05-04,0.040266963292547274
2021-05-05,0.06251390433815351
2021-05-06,-0.012235817575083427
2021-05-07,-0.08520578420467186
2021-05-08,0.010901001112347052
2021-05-09,0.04293659621802002
2021-05-10,0.060734149054505006
2021-05-11,0.19154616240266964
2021-05-12,0.16262513904338155
2021-05-13,0.1510567296996663
2021-05-14,0.15773081201334815
2021-05-15,0.11190211345939934
2021-05-16,0.21067853170189096
2021-05-17,0.0896551724137931
2021-05-18,0.060734149054505006
2021-05-19,0.13548387096774192
2021-05-20,-0.0006674082313681868
2021-05-21,0.19866518353726362
2021-05-22,0.18531701890989988
2021-05-23,0.03982202447163515
2021-05-24,0.08031145717463849
2021-05-25,0.0046718576195773085
2021-05-26,0.06206896551724137
2021-05-27,-0.020689655172413793
2021-05-28,-0.1296996662958843
2021-05-29,-0.14438264738598441
2021-05-30,-0.12169076751946609
2021-05-31,-0.06874304783092325
2021-06-01,-0.2200222469410456
2021-06-02,-0.38242491657397104
2021-06-03,-0.23559510567296996
2021-06-04,-0.23337041156840932
2021-06-05,-0.20222469410456062
2021-06-06,-0.09766407119021134
2021-06-07,0.0878754171301446
2021-06-08,-0.05183537263626252
2021-06-09,-0.1296996662958843
2021-06-10,-0.09899888765294772
2021-06-11,-0.20133481646273638
2021-06-12,-0.1946607341490545
2021-06-13,-0.13414905450500555
2021-06-14,0.03759733036707453
2021-06-15,0.045606229143492764
2021-06-16,0.24360400444938823
2021-06-17,0.058954393770856504
2021-06-18,0.23381535038932147
2021-06-19,0.10300333704115683
2021-06-20,-0.08698553948832036
2021-06-21,-0.054505005561735265
2021-06-22,0.05139043381535039
2021-06-23,-0.09276974416017797
2021-06-24,-0.07675194660734148
2021-06-25,-0.01935483870967742
2021-06-26,-0.10567296996662959
2021-06-27,0.04204671857619577
2021-06-28,0.04204671857619577
2021-06-29,0.08565072302558399
2021-06-30,-0.035817575083426034
2021-07-01,0.12747497219132367
2021-07-02,0.046496106785317015
2021-07-03,0.07586206896551724
2021-07-04,0.08209121245828699
2021-07-05,0.0046718576195773085
2021-07-06,0.06295884315906564
2021-07-07,0.0064516129032258064
2021-07-08,0.13147942157953282
2021-07-09,0.13281423804226916
2021-07-10,0.21557285873192436
2021-07-11,0.13637374860956616
2021-07-12,0.207119021134594
2021-07-13,0.3414905450500556
2021-07-14,0.3232480533926585
2021-07-15,0.289432703003337
2021-07-16,0.16440489432703
2021-07-17,0.22491657397107895
2021-07-18,0.2387096774193548
2021-07-19,0.11679644048943269
2021-07-20,0.11768631813125695
2021-07-21,0.05183537263626252
2021-07-22,-0.10745272525027807
2021-07-23,-0.21112347052280311
2021-07-24,-0.29699666295884314
2021-07-25,-0.11946607341490545
2021-07-26,-0.13681868743047831
2021-07-27,-0.1581757508342603
2021-07-28,-0.15906562847608455
2021-07-29,-0.22135706340378197
2021-07-30,-0.20934371523915463
2021-07-31,-0.22313681868743046
2021-08-01,-0.030923248053392655
2021-08-02,-0.018020022246941044
2021-08-03,0.008231368186874304
2021-08-04,0.07185761957730812
2021-08-05,-0.06518353726362626
2021-08-06,-0.009566184649610678
2021-08-07,0.02246941045606229
2021-08-08,0.03314794215795328
2021-08-09,0.07452725250278086
2021-08-10,0.14349276974416017
2021-08-11,0.17330367074527253
2021-08-12,0.1003337041156841
2021-08-13,0.1568409343715239
2021-08-14,0.12258064516129033
2021-08-15,0.08520578420467186
2021-08-16,0.17775305895439378
2021-08-17,0.21067853170189096
2021-08-18,0.1532814238042269
2021-08-19,0.11546162402669634
2021-08-20,0.2983314794215795
2021-08-21,0.4153503893214683
2021-08-22,0.1510567296996663
2021-08-23,0.2289210233592881
2021-08-24,0.1546162402669633
2021-08-25,0.2266963292547275
2021-08-26,0.08609566184649611
2021-08-27,0.058954393770856504
2021-08-28,0.12480533926585094
2021-08-29,0.2307007786429366
2021-08-30,0.13637374860956616
2021-08-31,0.005116796440489433
2021-09-01,-0.04872080088987764
2021-09-02,0.02513904338153504
2021-09-03,0.060289210233592884
2021-09-04,-0.11546162402669634
2021-09-05,-0.23159065628476083
2021-09-06,-0.09410456062291435
2021-09-07,-0.19955506117908786
2021-09-08,-0.2382647385984427
2021-09-09,-0.20489432703003335
2021-09-10,-0.17730812013348163
2021-09-11,-0.10389321468298107
2021-09-12,-0.059844271412680755
2021-09-13,-0.1546162402669633
2021-09-14,-0.14927697441601778
2021-09-15,-0.21156840934371526
2021-09-16,-0.31657397107897667
2021-09-17,-0.22358175750834258
2021-09-18,-0.22402669632925473
2021-09-19,-0.1345939933259177
2021-09-20,-0.11457174638487205
2021-09-21,-0.00689655172413793
2021-09-22,-0.10211345939933258
2021-09-23,0.04382647385984427
2021-09-24,0.2266963292547275
2021-09-25,0.3472747497219132
2021-09-26,0.24449388209121245
2021-09-27,0.1510567296996663
2021-09-28,0.20444938820912126
2021-09-29,0.07897664071190211
2021-09-30,0.023359288097886538
2021-10-01,0.06829810901001113
2021-10-02,-0.013125695216907676
2021-10-03,-0.1296996662958843
2021-10-04,-0.09232480533926585
2021-10-05,0.12124582869855395
2021-10-06,0.3414905450500556
2021-10-07,0.1332591768631813
2021-10-08,0.189321468298109
2021-10-09,0.07452725250278086
2021-10-10,0.09232480533926585
2021-10-11,-0.005561735261401557
2021-10-12,-0.06918798665183537
2021-10-13,0.022914349276974413
2021-10-14,0.13236929922135707
2021-10-15,0.11679644048943269
2021-10-16,0.21735261401557288
2021-10-17,0.1474972191323693
2021-10-18,0.2395995550611791
2021-10-19,0.13548387096774192
2021-10-20,0.19377085650723025
2021-10-21,0.2711902113459399
2021-10-22,0.23692992213570632
2021-10-23,0.23470522803114574
2021-10-24,0.19955506117908786
2021-10-25,0.11946607341490545
2021-10-26,0.2987764182424916
2021-10-27,0.23159065628476083
2021-10-28,0.19555061179087874
2021-10-29,0.07052280311457175
2021-10-30,0.024249165739710785
2021-10-31,0.06785317018909899
2021-11-01,-0.03492769744160178
2021-11-02,-0.05228031145717464
2021-11-03,0.022914349276974413
2021-11-04,0.13637374860956616
2021-11-05,0.17241379310344826
2021-11-06,0.2088987764182425
2021-11-07,0.08075639599555061
2021-11-08,0.14838709677419354
2021-11-09,0.0002224694104560623
2021-11-10,0.011790878754171301
2021-11-11,-0.06295884315906564
2021-11-12,-0.0424916573971079
2021-11-13,-0.03670745272525028
2021-11-14,-0.14571746384872078
2021-11-15,-0.21245828698553948
2021-11-16,-0.24849833147942155
2021-11-17,-0.12169076751946609
2021-11-18,-0.06696329254727475
2021-11-19,-0.06340378197997774
2021-11-20,-0.09721913236929922
2021-11-21,-0.15417130144605118
2021-11-22,-0.10522803114571745
2021-11-23,-0.08298109010011123
2021-11-24,-0.16974416017797553
2021-11-25,-0.14304783092324808
2021-11-26,-0.05361512791991101
2021-11-27,-0.07586206896551724
2021-11-28,0.12703003337041155
2021-11-29,0.21913236929922134
2021-11-30,0.16440489432703
2021-12-01,0.05761957730812013
2021-12-02,0.010901001112347052
2021-12-03,0.0424916573971079
2021-12-04,-0.009121245828698554
2021-12-05,-0.05761957730812013
2021-12-06,0.07408231368186874
2021-12-07,0.2507230255839822
2021-12-08,0.3139043381535039
2021-12-09,0.28587319243604004
2021-12-10,0.1439377085650723
2021-12-11,0.1875417130144605
2021-12-12,0.2088987764182425
2021-12-13,0.24938820912124582
2021-12-14,0.16840934371523916
2021-12-15,0.22358175750834258
2021-12-16,0.009121245828698554
2021-12-17,0.15194660734149054
2021-12-18,0.1875417130144605
2021-12-19,0.27252502780867627
2021-12-20,0.23337041156840932
2021-12-21,0.10878754171301447
2021-12-22,0.20222469410456062
2021-12-23,0.2925472747497219
2021-12-24,0.296551724137931
2021-12-25,0.20088987764182425
2021-12-26,0.14527252502780869
2021-12-27,0.16529477196885425
2021-12-28,-0.010456062291434927
2021-12-29,-0.0932146829810901
2021-12-30,-0.23648498331479423
2021-12-31,-0.23737486095661847
2022-01-01,-0.23692992213570632
2022-01-02,-0.05139043381535039
2022-01-03,-0.038042269187986644
2022-01-04,0.021579532814238044
2022-01-05,-0.03225806451612903
2022-01-06,-0.0771968854282536
2022-01-07,-0.11590656284760845
2022-01-08,-0.2992213570634038
2022-01-09,-0.2088987764182425
2022-01-10,-0.18264738598442715
2022-01-11,-0.20622914349276972
2022-01-12,-0.25917686318131256
2022-01-13,-0.27697441601779754
2022-01-14,-0.3552836484983315
2022-01-15,-0.2413793103448276
2022-01-16,-0.2186874304783092
2022-01-17,-0.4318131256952169
2022-01-18,-0.37708565072302563
2022-01-19,-0.38731924360400444
2022-01-20,-0.3681868743047831
2022-01-21,-0.4117908787541713
2022-01-22,-0.29521690767519465
2022-01-23,-0.14482758620689654
2022-01-24,-0.19555061179087874
2022-01-25,-0.15639599555061176
2022-01-26,-0.17597330367074526
2022-01-27,-0.11546162402669634
2022-01-28,-0.17552836484983317
2022-01-29,-0.08298109010011123
2022-01-30,-0.05406006674082313
2022-01-31,-0.019799777530589546
2022-02-01,-0.018020022246941044
2022-02-02,0.14972191323692993
2022-02-03,-0.14527252502780869
2022-02-04,-0.08342602892102337
2022-02-05,-0.07497219132369298
2022-02-06,-0.13370411568409346
2022-02-07,-0.1479421579532814
2022-02-08,-0.17196885428253617
2022-02-09,-0.27786429365962184
2022-02-10,-0.20311457174638486
2022-02-11,-0.3410456062291435
2022-02-12,-0.30189098998887653
2022-02-13,-0.26807563959955505
2022-02-14,-0.3650723025583982
2022-02-15,-0.2511679644048943
2022-02-16,-0.25428253615127916
2022-02-17,-0.10878754171301447
2022-02-18,-0.04961067853170189
2022-02-19,-0.06740823136818688
2022-02-20,-0.06340378197997774
2022-02-21,-0.13904338153503895
2022-02-22,-0.16262513904338155
2022-02-23,-0.046496106785317015
2022-02-24,-0.03492769744160178
2022-02-25,0.10255839822024472
2022-02-26,0.11813125695216908
2022-02-27,0.13236929922135707
2022-02-28,0.08342602892102337
2022-03-01,0.1221357063403782
2022-03-02,0.14883203559510566
2022-03-03,0.08209121245828699
2022-03-04,0.2182424916573971
2022-03-05,0.2622914349276974
2022-03-06,0.24983314794215797
2022-03-07,0.24449388209121245
2022-03-08,0.2489432703003337
2022-03-09,0.17241379310344826
2022-03-10,0.16262513904338155
2022-03-11,0.1911012235817575
2022-03-12,0.09410456062291435
2022-03-13,0.026918798665183537
2022-03-14,0.07274749721913237
2022-03-15,-0.05139043381535039
2022-03-16,-0.09588431590656285
2022-03-17,0.033592880978865404
2022-03-18,0.07942157953281423
2022-03-19,0.06518353726362626
2022-03-20,0.08520578420467186
2022-03-21,-0.016240266963292546
2022-03-22,-0.07185761957730812
2022-03-23,-0.08120133481646273
2022-03-24,-0.10745272525027807
2022-03-25,-0.11991101223581756
2022-03-26,-0.13592880978865407
2022-03-27,-0.040711902113459396
2022-03-28,-0.010011123470522802
2022-03-29,0.04338153503893215
2022-03-30,-0.012235817575083427
2022-03-31,-0.14972191323692993
2022-04-01,-0.047385984427141266
2022-04-02,-0.14171301446051168
2022-04-03,-0.14705228031145717
2022-04-04,-0.2805339265850945
2022-04-05,-0.16529477196885425
2022-04-06,-0.11101223581757509
2022-04-07,-0.04160177975528365
2022-04-08,0.0046718576195773085
2022-04-09,0.10878754171301447
2022-04-10,0.2729699666295884
2022-04-11,0.2600667408231368
2022-04-12,0.2849833147942158
2022-04-13,0.2961067853170189
2022-04-14,0.3681868743047831
2022-04-15,0.3441601779755284
2022-04-16,0.3957730812013348
2022-04-17,0.1532814238042269
2022-04-18,0.207119021134594
2022-04-19,0.23114571746384868
2022-04-20,0.3081201334816463
2022-04-21,0.08609566184649611
2022-04-22,-0.06651835372636263
2022-04-23,-0.20578420467185762
2022-04-24,-0.06963292547274749
2022-04-25,-0.07052280311457175
2022-04-26,-0.21067853170189096
2022-04-27,-0.2462736373748609
2022-04-28,-0.3299221357063403
2022-04-29,-0.3196885428253615
2022-04-30,-0.3281423804226919
2022-05-01,-0.4122358175750834
2022-05-02,-0.3957730812013348
2022-05-03,-0.47452725250278077
2022-05-04,-0.44338153503893213
2022-05-05,-0.3432703003337041
2022-05-06,-0.296551724137931
2022-05-07,-0.35350389321468295
2022-05-08,-0.29521690767519465
2022-05-09,-0.13993325917686317
2022-05-10,-0.2489432703003337
2022-05-11,-0.17330367074527253
2022-05-12,-0.05628476084538376
2022-05-13,-0.09410456062291435
2022-05-14,-0.0064516129032258064
2022-05-15,0.05272525027808676
2022-05-16,0.025583982202447165
2022-05-17,0.024249165739710785
2022-05-18,0.21334816462736375
2022-05-19,0.23692992213570632
2022-05-20,0.2987764182424916
2022-05-21,0.27519466073414905
2022-05-22,0.32413793103448274
2022-05-23,0.3228031145717464
2022-05-24,0.16840934371523916
2022-05-25,0.24716351501668518
2022-05-26,0.3268075639599555
2022-05-27,0.26852057842046717
2022-05-28,0.2551724137931034
2022-05-29,0.24671857619577306
2022-05-30,0.12525027808676306
2022-05-31,-0.0020022246941045607
2022-06-01,-0.0825361512791991
2022-06-02,-0.023804226918798663
2022-06-03,0.024249165739710785
2022-06-04,-0.058064516129032254
2022-06-05,-0.13681868743047831
2022-06-06,0.008231368186874304
2022-06-07,-0.05050055617352613
2022-06-08,-0.18086763070077863
2022-06-09,-0.185761957730812
2022-06-10,-0.11279199110122358
2022-06-11,0.01668520578420467
2022-06-12,-0.029588431590656286
2022-06-13,-0.21245828698553948
2022-06-14,-0.057174638487208
2022-06-15,0.06785317018909899
2022-06-16,-0.029143492769744164
2022-06-17,-0.0353726362625139
2022-06-18,0.09499443826473859
2022-06-19,0.021579532814238044
2022-06-20,0.0046718576195773085
2022-06-21,-0.10300333704115683
2022-06-22,-0.13815350389321468
2022-06-23,-0.07497219132369298
2022-06-24,-0.09543937708565071
2022-06-25,-0.0878754171301446
2022-06-26,-0.2
2022-06-27,-0.023804226918798663
2022-06-28,-0.011790878754171301
2022-06-29,0.06651835372636263
2022-06-30,0.12880978865406006
2022-07-01,0.030923248053392655
2022-07-02,0.03492769744160178
2022-07-03,-0.09010011123470522
2022-07-04,-0.30589543937708563
2022-07-05,-0.26985539488320354
2022-07-06,-0.21735261401557288
2022-07-07,-0.35973303670745277
2022-07-08,-0.46918798665183536
2022-07-09,-0.33303670745272523
2022-07-10,-0.2796440489432703
2022-07-11,-0.20489432703003335
2022-07-12,-0.07274749721913237
2022-07-13,-0.1408231368186874
2022-07-14,-0.024249165739710785
2022-07-15,-0.05183537263626252
2022-07-16,-0.09632925472747497
2022-07-17,-0.13058954393770855
2022-07-18,0.03670745272525028
2022-07-19,0.09010011123470522
2022-07-20,0.0843159065628476
2022-07-21,-0.04872080088987764
2022-07-22,0.05583982202447163
2022-07-23,0.005561735261401557
2022-07-24,0.1581757508342603
2022-07-25,-0.023804226918798663
2022-07-26,0.04293659621802002
2022-07-27,-0.012235817575083427
2022-07-28,0.030033370411568408
2022-07-29,0.10522803114571745
2022-07-30,0.09454949944382647
2022-07-31,0.15728587319243603
2022-08-01,0.21245828698553948
2022-08-02,0.12569521690767518
2022-08-03,0.02647385984427141
2022-08-04,0.02202447163515017
2022-08-05,-0.07942157953281423
2022-08-06,-0.01668520578420467
2022-08-07,-0.11991101223581756
2022-08-08,-0.16796440489432704
2022-08-09,-0.17864293659621802
2022-08-10,-0.0731924360400445
2022-08-11,-0.10122358175750834
2022-08-12,-0.021134593993325918
2022-08-13,-0.17552836484983317
2022-08-14,0.03136818687430478
2022-08-15,0.13726362625139044
2022-08-16,0.0731924360400445
2022-08-17,-0.0006674082313681868
2022-08-18,0.05228031145717464
2022-08-19,0.13815350389321468
2022-08-20,0.06162402669632924
2022-08-21,0.055394883203559515
2022-08-22,-0.02736373748609566
2022-08-23,-0.11724137931034483
2022-08-24,-0.17330367074527253
2022-08-25,-0.15773081201334815
2022-08-26,-0.19866518353726362
2022-08-27,-0.2200222469410456
2022-08-28,-0.21023359288097884
2022-08-29,-0.1959955506117909
2022-08-30,-0.06206896551724137
2022-08-31,0.07185761957730812
2022-09-01,0.11501668520578419
2022-09-02,0.09410456062291435
2022-09-03,0.05406006674082313
2022-09-04,-0.029588431590656286
2022-09-05,-0.2200222469410456
2022-09-06,-0.06295884315906564
2022-09-07,-0.08075639599555061
2022-09-08,-0.019799777530589546
2022-09-09,-0.1408231368186874
2022-09-10,-0.0896551724137931
2022-09-11,-0.1221357063403782
2022-09-12,-0.057174638487208
2022-09-13,-0.05939933259176862
2022-09-14,-0.05228031145717464
2022-09-15,-0.08654060066740822
2022-09-16,-0.18309232480533927
2022-09-17,-0.16796440489432704
2022-09-18,-0.1581757508342603
2022-09-19,-0.2004449388209121
2022-09-20,-0.08654060066740822
2022-09-21,0.041156840934371525
2022-09-22,0.13548387096774192
2022-09-23,0.16262513904338155
2022-09-24,0.3067853170189099
2022-09-25,0.33659621802002226
2022-09-26,0.18309232480533927
2022-09-27,0.08342602892102337
2022-09-28,0.04160177975528365
2022-09-29,-0.03225806451612903
2022-09-30,0.021579532814238044
2022-10-01,-0.04827586206896552
2022-10-02,0.07408231368186874
2022-10-03,-0.0024471635150166847
2022-10-04,-0.06562847608453837
2022-10-05,-0.13726362625139044
2022-10-06,-0.08075639599555061
2022-10-07,-0.008231368186874304
2022-10-08,-0.07408231368186874
2022-10-09,-0.12658509454949946
2022-10-10,-0.20934371523915463
2022-10-11,-0.13948832035595105
2022-10-12,-0.12791991101223582
2022-10-13,-0.14927697441601778
2022-10-14,-0.04916573971078977
2022-10-15,0.01668520578420467
2022-10-16,0.08876529477196884
2022-10-17,0.06874304783092325
2022-10-18,0.11991101223581756
2022-10-19,0.05494994438264739
2022-10-20,-0.011345939933259176
2022-10-21,0.08342602892102337
2022-10-22,-0.15016685205784203
2022-10-23,-0.08876529477196884
2022-10-24,-0.11991101223581756
2022-10-25,-0.1221357063403782
2022-10-26,-0.0896551724137931
2022-10-27,-0.028698553948832032
2022-10-28,-0.034482758620689655
2022-10-29,-0.15283648498331479
2022-10-30,-0.14527252502780869
2022-10-31,-0.01846496106785317
2022-11-01,0.014015572858731925
2022-11-02,0.06206896551724137
2022-11-03,0.07452725250278086
2022-11-04,0.2631813125695217
2022-11-05,0.3147942157953281
2022-11-06,0.3619577308120133
2022-11-07,0.48476084538375974
2022-11-08,0.41713014460511677
2022-11-09,0.4122358175750834
2022-11-10,0.3842046718576196
2022-11-11,0.25739710789766407
2022-11-12,0.23381535038932147
2022-11-13,0.25739710789766407
2022-11-14,0.060289210233592884
2022-11-15,0.06651835372636263
2022-11-16,0.16173526140155728
2022-11-17,0.3067853170189099
2022-11-18,0.2805339265850945
2022-11-19,0.22447163515016688
2022-11-20,0.17463848720800887
2022-11-21,0.2186874304783092
2022-11-22,0.21957730812013349
2022-11-23,0.028698553948832032
2022-11-24,0.1408231368186874
2022-11-25,-0.01935483870967742
2022-11-26,-0.09899888765294772
2022-11-27,0.008231368186874304
2022-11-28,-0.12525027808676306
2022-11-29,-0.19866518353726362
2022-11-30,-0.1203559510567297
2022-12-01,-0.030923248053392655
2022-12-02,-0.23648498331479423
2022-12-03,-0.22224694104560622
2022-12-04,0.05183537263626252
2022-12-05,-0.14705228031145717
2022-12-06,-0.1350389321468298
2022-12-07,-0.19510567296996661
2022-12-08,-0.11635150166852058
2022-12-09,-0.19955506117908786
2022-12-10,-0.3050055617352614
2022-12-11,-0.23159065628476083
2022-12-12,-0.18487208008898778
2022-12-13,-0.3210233592880979
2022-12-14,-0.21245828698553948
2022-12-15,-0.20978865406006672
2022-12-16,-0.314349276974416
2022-12-17,-0.2836484983314794
2022-12-18,-0.23292547274749723
2022-12-19,-0.16440489432703
2022-12-20,-0.3228031145717464
2022-12-21,-0.23559510567296996
2022-12-22,-0.1604004449388209
2022-12-23,-0.1599555061179088
2022-12-24,-0.0878754171301446
2022-12-25,0.03181312569521691
2022-12-26,0.13592880978865407
2022-12-27,0.13192436040044492
2022-12-28,0.17152391546162402
2022-12-29,0.2796440489432703
2022-12-30,0.3508342602892102
2022-12-31,0.37130144605116794
2023-01-01,0.18620689655172412
2023-01-02,0.28142380422691876
2023-01-03,0.18309232480533927
2023-01-04,0.27608453837597335
2023-01-05,0.1621802002224694
2023-01-06,0.32547274749721916
2023-01-07,0.37130144605116794
2023-01-08,0.27608453837597335
2023-01-09,0.21023359288097884
2023-01-10,0.056729699666295874
2023-01-11,0.0967741935483871
2023-01-12,0.11724137931034483
2023-01-13,0.1982202447163515
2023-01-14,0.23559510567296996
2023-01-15,0.1599555061179088
2023-01-16,0.10923248053392658
2023-01-17,0.047385984427141266
2023-01-18,-0.14705228031145717
2023-01-19,-0.1710789766407119
2023-01-20,-0.08342602892102337
2023-01-21,0.019799777530589546
2023-01-22,0.15372636262513903
2023-01-23,0.09632925472747497
2023-01-24,0.26629588431590656
2023-01-25,0.21067853170189096
2023-01-26,0.04382647385984427
2023-01-27,0.009566184649610678
2023-01-28,-0.0002224694104560623
2023-01-29,-0.07096774193548387
2023-01-30,0.059844271412680755
2023-01-31,0.1132369299221357
2023-02-01,0.14527252502780869
2023-02-02,-0.047385984427141266
2023-02-03,-0.05228031145717464
2023-02-04,-0.13548387096774192
2023-02-05,-0.017130144605116793
2023-02-06,-0.0825361512791991
2023-02-07,-0.19911012235817574
2023-02-08,-0.17152391546162402
2023-02-09,-0.18620689655172412
2023-02-10,-0.2040044493882091
2023-02-11,0.12880978865406006
2023-02-12,0.12480533926585094
2023-02-13,-0.025583982202447165
2023-02-14,-0.11679644048943269
2023-02-15,-0.006006674082313682
2023-02-16,0.00689655172413793
2023-02-17,-0.08075639599555061
2023-02-18,-0.11457174638487205
2023-02-19,-0.058954393770856504
2023-02-20,0.03225806451612903
2023-02-21,-0.0033370411568409346
2023-02-22,0.008231368186874304
2023-02-23,-0.004226918798665183
2023-02-24,-0.028253615127919914
2023-02-25,-0.09632925472747497
2023-02-26,-0.04293659621802002
2023-02-27,-0.15372636262513903
2023-02-28,-0.025583982202447165
2023-03-01,0.08520578420467186
2023-03-02,0.26852057842046717
2023-03-03,-0.06206896551724137
2023-03-04,-0.03136818687430478
2023-03-05,-0.046496106785317015
2023-03-06,-0.15906562847608455
2023-03-07,-0.2636262513904338
2023-03-08,-0.17508342602892102
2023-03-09,-0.12080088987764183
2023-03-10,-0.046496106785317015
2023-03-11,-0.006006674082313682
2023-03-12,0.01935483870967742
2023-03-13,0.1670745272525028
2023-03-14,0.10166852057842046
2023-03-15,0.11902113459399331
2023-03-16,0.15728587319243603
2023-03-17,0.15550611790878754
2023-03-18,0.185761957730812
2023-03-19,0.2569521690767519
2023-03-20,0.22269187986651834
2023-03-21,0.3125695216907675
2023-03-22,0.19555061179087874
2023-03-23,0.10166852057842046
2023-03-24,-0.00778642936596218
2023-03-25,-0.04160177975528365
2023-03-26,-0.01668520578420467
2023-03-27,0.02513904338153504
2023-03-28,0.1439377085650723
2023-03-29,0.2783092324805339
2023-03-30,0.0353726362625139
2023-03-31,-0.005561735261401557
2023-04-01,0.011345939933259176
2023-04-02,0.034037819799777526
2023-04-03,-0.15595105672969967
2023-04-04,-0.1096774193548387
2023-04-05,-0.10611790878754171
2023-04-06,-0.2204671857619577
2023-04-07,-0.20133481646273638
2023-04-08,-0.18175750834260287
2023-04-09,-0.19243604004449388
2023-04-10,-0.2382647385984427
2023-04-11,-0.2876529477196885
2023-04-12,-0.34015572858731924
2023-04-13,-0.3192436040044494
2023-04-14,-0.10389321468298107
2023-04-15,0.022914349276974413
2023-04-16,-0.16840934371523916
2023-04-17,-0.30055617352614017
2023-04-18,-0.22447163515016688
2023-04-19,-0.3103448275862069
2023-04-20,-0.23470522803114574
2023-04-21,-0.17953281423804227
2023-04-22,-0.14883203559510566
2023-04-23,-0.08743047830923248
2023-04-24,-0.014015572858731925
2023-04-25,0.03225806451612903
2023-04-26,-0.12747497219132367
2023-04-27,0.05361512791991101
2023-04-28,-0.004226918798665183
2023-04-29,0.12080088987764183
2023-04-30,-0.005116796440489433
2023-05-01,-0.13993325917686317
2023-05-02,-0.05228031145717464
2023-05-03,0.0914349276974416
2023-05-04,0.053170189098998885
2023-05-05,0.15150166852057842
2023-05-06,0.11457174638487205
2023-05-07,0.055394883203559515
2023-05-08,0.06518353726362626
2023-05-09,-0.014460511679644046
2023-05-10,-0.05583982202447163
2023-05-11,0.0020022246941045607
2023-05-12,0.06651835372636263
2023-05-13,0.029588431590656286
2023-05-14,0.030478309232480537
2023-05-15,0.0389321468298109
2023-05-16,-0.182202447163515
2023-05-17,-0.314349276974416
2023-05-18,-0.15417130144605118
2023-05-19,-0.1568409343715239
2023-05-20,0.05583982202447163
2023-05-21,-0.06162402669632924
2023-05-22,-0.024249165739710785
2023-05-23,0.03626251390433815
2023-05-24,0.02202447163515017
2023-05-25,0.03626251390433815
2023-05-26,0.11457174638487205
2023-05-27,0.14304783092324808
2023-05-28,0.1385984427141268
2023-05-29,0.10789766407119021
2023-05-30,0.1532814238042269
2023-05-31,0.2186874304783092
2023-06-01,0.1670745272525028
2023-06-02,0.24404894327030033
2023-06-03,0.14972191323692993
2023-06-04,0.12569521690767518
2023-06-05,0.15773081201334815
2023-06-06,0.19377085650723025
2023-06-07,0.22180200222469412
2023-06-08,0.217797552836485
2023-06-09,0.2164627363737486
2023-06-10,0.1221357063403782
2023-06-11,0.08075639599555061
2023-06-12,0.12302558398220245
2023-06-13,0.0135706340378198
2023-06-14,-0.18175750834260287
2023-06-15,-0.10522803114571745
2023-06-16,-0.05361512791991101
2023-06-17,-0.1635150166852058
2023-06-18,-0.0731924360400445
2023-06-19,-0.11768631813125695
2023-06-20,-0.08609566184649611
2023-06-21,0.027808676307007785
2023-06-22,0.06918798665183537
2023-06-23,-0.06651835372636263
2023-06-24,-0.08743047830923248
2023-06-25,-0.13815350389321468
2023-06-26,-0.1621802002224694
2023-06-27,-0.2565072302558398
2023-06-28,-0.13414905450500555
2023-06-29,-0.160845383759733
2023-06-30,-0.05050055617352613
2023-07-01,-0.16307007786429364
2023-07-02,-0.1875417130144605
2023-07-03,-0.2636262513904338
2023-07-04,-0.2520578420467186
2023-07-05,-0.13770856507230256
2023-07-06,-0.2387096774193548
2023-07-07,-0.22714126807563956
2023-07-08,-0.16529477196885425
2023-07-09,-0.01846496106785317
2023-07-10,0.0037819799777530586
2023-07-11,-0.1657397107897664
2023-07-12,-0.1439377085650723
2023-07-13,0.027808676307007785
2023-07-14,-0.03759733036707453
2023-07-15,-0.06251390433815351
2023-07-16,-0.034482758620689655
2023-07-17,0.0024471635150166847
2023-07-18,0.0002224694104560623
2023-07-19,0.024249165739710785
2023-07-20,-0.1003337041156841
2023-07-21,-0.08031145717463849
2023-07-22,-0.08209121245828699
2023-07-23,-0.06740823136818688
2023-07-24,-0.07586206896551724
2023-07-25,-0.06918798665183537
2023-07-26,-0.06251390433815351
2023-07-27,0.054505005561735265
2023-07-28,-0.028253615127919914
2023-07-29,0.05050055617352613
2023-07-30,-0.09588431590656285
2023-07-31,-0.2556173526140155
2023-08-01,-0.20088987764182425
2023-08-02,-0.02469410456062291
2023-08-03,0.071412680756396
2023-08-04,-0.033592880978865404
2023-08-05,-0.02469410456062291
2023-08-06,0.29076751946607343
2023-08-07,0.20444938820912126
2023-08-08,0.01579532814238042
2023-08-09,-0.08476084538375972
2023-08-10,-0.03136818687430478
2023-08-11,0.10611790878754171
2023-08-12,0.09010011123470522
2023-08-13,0.34282536151279197
2023-08-14,0.16974416017797553
2023-08-15,0.19733036707452725
2023-08-16,0.07408231368186874
2023-08-17,0.2525027808676307
2023-08-18,0.20978865406006672
2023-08-19,0.17330367074527253
2023-08-20,0.13414905450500555
2023-08-21,0.07230255839822024
2023-08-22,-0.046496106785317015
2023-08-23,-0.0002224694104560623
2023-08-24,-0.07675194660734148
2023-08-25,-0.0460511679644049
2023-08-26,-0.1804226918798665
2023-08-27,-0.053170189098998885
2023-08-28,-0.08476084538375972
2023-08-29,-0.06473859844271414
2023-08-30,0.11190211345939934
2023-08-31,-0.0914349276974416
2023-09-01,-0.1897664071190211
2023-09-02,-0.26629588431590656
2023-09-03,-0.21023359288097884
2023-09-04,-0.08120133481646273
2023-09-05,-0.01579532814238042
2023-09-06,0.05583982202447163
2023-09-07,-0.10923248053392658
2023-09-08,0.009566184649610678
2023-09-09,0.020244716351501667
2023-09-10,0.014015572858731925
2023-09-11,0.01935483870967742
2023-09-12,0.06963292547274749
2023-09-13,0.08698553948832036
2023-09-14,0.15194660734149054
2023-09-15,0.046941045606229144
2023-09-16,-0.028698553948832032
2023-09-17,0.026028921023359287
2023-09-18,0.024249165739710785
2023-09-19,-0.07630700778642936
2023-09-20,0.07942157953281423
2023-09-21,0.08298109010011123
2023-09-22,0.34638487208008895
2023-09-23,-0.016240266963292546
2023-09-24,-0.12169076751946609
2023-09-25,-0.10789766407119021
2023-09-26,-0.2324805339265851
2023-09-27,-0.15372636262513903
2023-09-28,-0.055394883203559515
2023-09-29,-0.15283648498331479
2023-09-30,-0.0033370411568409346
2023-10-01,0.0064516129032258064
2023-10-02,0.03848720800889878
2023-10-03,-0.05139043381535039
2023-10-04,-0.11012235817575085
2023-10-05,-0.2854282536151279
2023-10-06,-0.14527252502780869
2023-10-07,-0.2961067853170189
2023-10-08,-0.2667408231368187
2023-10-09,-0.16262513904338155
2023-10-10,-0.10567296996662959
2023-10-11,-0.09988876529477196
2023-10-12,0.0046718576195773085
2023-10-13,-0.013125695216907676
2023-10-14,0.05094549499443826
2023-10-15,0.046496106785317015
2023-10-16,-0.034482758620689655
2023-10-17,-0.10344827586206896
2023-10-18,-0.0878754171301446
2023-10-19,-0.07363737486095662
2023-10-20,-0.09721913236929922
2023-10-21,-0.09988876529477196
2023-10-22,-0.07586206896551724
2023-10-23,-0.22402669632925473
2023-10-24,-0.13815350389321468
2023-10-25,0.020689655172413793
2023-10-26,-0.12169076751946609
2023-10-27,-0.09766407119021134
2023-10-28,-0.16440489432703
2023-10-29,-0.05583982202447163
2023-10-30,0.03225806451612903
2023-10-31,0.046941045606229144
2023-11-01,0.04471635150166852
2023-11-02,0.06607341490545049
2023-11-03,-0.06251390433815351
2023-11-04,-0.015350389321468297
2023-11-05,-0.040266963292547274
2023-11-06,-0.10522803114571745
2023-11-07,-0.04516129032258065
2023-11-08,-0.15639599555061176
2023-11-09,-0.054505005561735265
2023-11-10,-0.06607341490545049
2023-11-11,0.03225806451612903
2023-11-12,0.03626251390433815
2023-11-13,0.1586206896551724
2023-11-14,-0.0731924360400445
2023-11-15,-0.03270300333704116
2023-11-16,0.10878754171301447
2023-11-17,-0.02647385984427141
2023-11-18,-0.028698553948832032
2023-11-19,-0.05494994438264739
2023-11-20,-0.05050055617352613
2023-11-21,-0.13726362625139044
2023-11-22,-0.1345939933259177
2023-11-23,-0.057174638487208
2023-11-24,0.07586206896551724
2023-11-25,0.10389321468298107
2023-11-26,0.034037819799777526
2023-11-27,-0.13147942157953282
2023-11-28,-0.17463848720800887
2023-11-29,-0.2387096774193548
2023-11-30,-0.23381535038932147
2023-12-01,-0.335706340378198
2023-12-02,-0.26941045606229147
2023-12-03,-0.13414905450500555
2023-12-04,-0.034482758620689655
2023-12-05,0.13058954393770855
2023-12-06,0.09365962180200223
2023-12-07,0.18620689655172412
2023-12-08,0.20667408231368187
2023-12-09,0.10745272525027807
2023-12-10,0.055394883203559515
2023-12-11,0.038042269187986644
2023-12-12,-0.019799777530589546
2023-12-13,-0.07452725250278086
2023-12-14,-0.1243604004449388
2023-12-15,-0.1870967741935484
2023-12-16,-0.13637374860956616
2023-12-17,0.00778642936596218
2023-12-18,0.014460511679644046
2023-12-19,0.06518353726362626
2023-12-20,0.05139043381535039
2023-12-21,0.17463848720800887
2023-12-22,0.03759733036707453
2023-12-23,0.03670745272525028
2023-12-24,-0.00867630700778643
2023-12-25,-0.03670745272525028
2023-12-26,0.054505005561735265
2023-12-27,-0.05183537263626252
2023-12-28,0.006006674082313682
2023-12-29,-0.013125695216907676
2023-12-30,-0.001557285873192436
2023-12-31,0.05139043381535039
2024-01-01,0.0033370411568409346
2024-01-02,0.02246941045606229
2024-01-03,0.06562847608453837
2024-01-04,-0.05228031145717464
2024-01-05,0.006006674082313682
2024-01-06,0.0046718576195773085
2024-01-07,-0.02647385984427141
2024-01-08,0.0967741935483871
2024-01-09,0.09899888765294772
2024-01-10,0.056729699666295874
2024-01-11,-0.0371523915461624
2024-01-12,0.028698553948832032
2024-01-13,0.15906562847608455
2024-01-14,0.0424916573971079
2024-01-15,0.26273637374860953
2024-01-16,0.17152391546162402
2024-01-17,0.32413793103448274
2024-01-18,0.2525027808676307
2024-01-19,0.1599555061179088
2024-01-20,0.1768631813125695
2024-01-21,0.05628476084538376
2024-01-22,0.1479421579532814
2024-01-23,0.058954393770856504
2024-01-24,0.0024471635150166847
2024-01-25,0.06384872080088987
2024-01-26,0.20978865406006672
2024-01-27,0.2631813125695217
2024-01-28,0.13103448275862067
2024-01-29,0.13948832035595105
2024-01-30,0.0896551724137931
2024-01-31,0.14883203559510566
2024-02-01,0.10834260289210233
2024-02-02,0.08654060066740822
2024-02-03,0.09187986651835373
2024-02-04,0.03492769744160178
2024-02-05,0.0037819799777530586
2024-02-06,-0.01846496106785317
2024-02-07,0.023359288097886538
2024-02-08,-0.058954393770856504
2024-02-09,-0.09276974416017797
2024-02-10,-0.060734149054505006
2024-02-11,-0.06473859844271414
2024-02-12,-0.24093437152391545
2024-02-13,-0.2796440489432703
2024-02-14,-0.2307007786429366
2024-02-15,-0.07675194660734148
2024-02-16,0.006006674082313682
2024-02-17,-0.11412680756395997
2024-02-18,-0.1403781979977753
2024-02-19,-0.28720800889877635
2024-02-20,-0.08743047830923248
2024-02-21,-0.15283648498331479
2024-02-22,-0.19733036707452725
2024-02-23,-0.14972191323692993
2024-02-24,0.04204671857619577
2024-02-25,0.09944382647385984
2024-02-26,0.21245828698553948
2024-02-27,0.28587319243604004
2024-02-28,0.10923248053392658
2024-02-29,0.01579532814238042
2024-03-01,0.05272525027808676
2024-03-02,0.15239154616240266
2024-03-03,0.09232480533926585
2024-03-04,0.06295884315906564
2024-03-05,0.1132369299221357
2024-03-06,0.20355951056729701
2024-03-07,0.24983314794215797
2024-03-08,0.1875417130144605
2024-03-09,0.3539488320355951
2024-03-10,0.28409343715239155
2024-03-11,0.2582869855394883
2024-03-12,0.2943270300333704
2024-03-13,0.4211345939933259
2024-03-14,0.3913236929922136
2024-03-15,0.40556173526140155
2024-03-16,0.4313681868743047
2024-03-17,0.32502780867630704
2024-03-18,0.3993325917686318
2024-03-19,0.5203559510567297
2024-03-20,0.47497219132369295
2024-03-21,0.3468298109010011
2024-03-22,0.3130144605116796
2024-03-23,0.25739710789766407
2024-03-24,0.17819799777530587
2024-03-25,0.14438264738598441
2024-03-26,0.19199110122358176
2024-03-27,0.20266963292547271
2024-03-28,0.22491657397107895
2024-03-29,0.13281423804226916
2024-03-30,0.07942157953281423
2024-03-31,-0.03225806451612903
2024-04-01,0.26807563959955505
2024-04-02,0.0825361512791991
2024-04-03,-0.0371523915461624
2024-04-04,-0.18531701890989988
2024-04-05,-0.289432703003337
2024-04-06,-0.12658509454949946
2024-04-07,-0.055394883203559515
2024-04-08,-0.1586206896551724
2024-04-09,-0.23025583982202447
2024-04-10,-0.12569521690767518
2024-04-11,-0.20756395995550608
2024-04-12,-0.19243604004449388
2024-04-13,-0.2449388209121246
2024-04-14,-0.20222469410456062
2024-04-15,-0.16974416017797553
2024-04-16,-0.28142380422691876
2024-04-17,-0.1546162402669633
2024-04-18,-0.22758620689655173
2024-04-19,-0.2395995550611791
2024-04-20,-0.1604004449388209
2024-04-21,-0.15951056729699667
2024-04-22,-0.04204671857619577
2024-04-23,-0.1243604004449388
2024-04-24,-0.04516129032258065
2024-04-25,0.05050055617352613
2024-04-26,0.13281423804226916
2024-04-27,0.12614015572858733
2024-04-28,0.060734149054505006
2024-04-29,0.08298109010011123
2024-04-30,0.1604004449388209
2024-05-01,0.4068965517241379
2024-05-02,0.432258064516129
2024-05-03,0.4313681868743047
2024-05-04,0.3971078976640712
2024-05-05,0.4082313681868743
2024-05-06,0.3045606229143492
2024-05-07,0.23737486095661847
2024-05-08,0.15239154616240266
2024-05-09,0.07096774193548387
2024-05-10,0.11457174638487205
2024-05-11,0.10656284760845385
2024-05-12,0.061179087875417135
2024-05-13,-0.0825361512791991
2024-05-14,-0.030478309232480537
2024-05-15,0.022914349276974413
2024-05-16,0.07675194660734148
2024-05-17,0.14571746384872078
2024-05-18,0.17463848720800887
2024-05-19,0.11724137931034483
2024-05-20,0.12703003337041155
2024-05-21,0.0771968854282536
2024-05-22,0.05939933259176862
2024-05-23,0.021579532814238044
2024-05-24,-0.005561735261401557
2024-05-25,0.11501668520578419
2024-05-26,0.006006674082313682
2024-05-27,-0.09098998887652948
2024-05-28,0.03982202447163515
2024-05-29,-0.196440489432703
2024-05-30,-0.23559510567296996
2024-05-31,-0.22358175750834258
2024-06-01,-0.12258064516129033
2024-06-02,0.08565072302558399
2024-06-03,-0.06874304783092325
2024-06-04,-0.06918798665183537
2024-06-05,-0.020244716351501667
2024-06-06,-0.02246941045606229
2024-06-07,0.13414905450500555
2024-06-08,0.17285873192436038
2024-06-09,0.22847608453837595
2024-06-10,0.21067853170189096
2024-06-11,0.22803114571746386
2024-06-12,0.23648498331479423
2024-06-13,0.2307007786429366
2024-06-14,0.2422691879866518
2024-06-15,0.1421579532814238
2024-06-16,0.09588431590656285
2024-06-17,-0.030923248053392655
2024-06-18,-0.15595105672969967
2024-06-19,-0.03225806451612903
2024-06-20,-0.12124582869855395
2024-06-21,-0.09054505005561733
2024-06-22,-0.07808676307007786
2024-06-23,-0.014015572858731925
2024-06-24,-0.08476084538375972
2024-06-25,-0.16662958843159065
2024-06-26,-0.11012235817575085
2024-06-27,-0.0932146829810901
2024-06-28,-0.16484983314794216
2024-06-29,-0.1604004449388209
2024-06-30,-0.3032258064516129
2024-07-01,-0.2422691879866518
2024-07-02,-0.13993325917686317
2024-07-03,-0.17864293659621802
2024-07-04,-0.22580645161290322
2024-07-05,-0.27208008898776415
2024-07-06,-0.3054505005561735
2024-07-07,-0.24938820912124582
2024-07-08,-0.2867630700778643
2024-07-09,-0.20266963292547271
2024-07-10,-0.2186874304783092
2024-07-11,-0.07541713014460512
2024-07-12,-0.08075639599555061
2024-07-13,-0.09187986651835373
2024-07-14,-0.014905450500556172
2024-07-15,-0.11768631813125695
2024-07-16,-0.04471635150166852
2024-07-17,-0.07897664071190211
2024-07-18,0.019799777530589546
2024-07-19,0.014905450500556172
2024-07-20,-0.0135706340378198
2024-07-21,-0.03848720800889878
2024-07-22,-0.058954393770856504
2024-07-23,-0.11457174638487205
2024-07-24,0.07185761957730812
2024-07-25,0.17597330367074526
2024-07-26,0.19777530589543937
2024-07-27,0.31523915461624025
2024-07-28,0.39888765294771966
2024-07-29,0.28987764182424913
2024-07-30,0.06162402669632924
2024-07-31,0.058064516129032254
2024-08-01,0.08520578420467186
2024-08-02,-0.09410456062291435
2024-08-03,-0.04427141268075639
2024-08-04,-0.030923248053392655
2024-08-05,0.07408231368186874
2024-08-06,0.0033370411568409346
2024-08-07,0.00689655172413793
2024-08-08,0.09855394883203561
2024-08-09,0.0033370411568409346
2024-08-10,0.12791991101223582
2024-08-11,0.16885428253615126
2024-08-12,0.027808676307007785
2024-08-13,0.14527252502780869
2024-08-14,0.028698553948832032
2024-08-15,0.10166852057842046
2024-08-16,-0.05094549499443826
2024-08-17,-0.015350389321468297
2024-08-18,-0.15016685205784203
2024-08-19,-0.3779755283648498
2024-08-20,-0.24849833147942155
2024-08-21,-0.2186874304783092
2024-08-22,-0.019799777530589546
2024-08-23,-0.001557285873192436
2024-08-24,-0.09988876529477196
2024-08-25,0.040711902113459396
2024-08-26,0.01757508342602892
2024-08-27,-0.046496106785317015
2024-08-28,-0.11768631813125695
2024-08-29,-0.21334816462736375
2024-08-30,-0.16929922135706338
2024-08-31,-0.20934371523915463
2024-09-01,-0.2582869855394883
2024-09-02,-0.23337041156840932
2024-09-03,0.01579532814238042
2024-09-04,0.0046718576195773085
2024-09-05,0.034482758620689655
2024-09-06,0.0037819799777530586
2024-09-07,0.04827586206896552
2024-09-08,0.0878754171301446
2024-09-09,0.064293659621802
2024-09-10,0.038042269187986644
2024-09-11,0.08743047830923248
2024-09-12,0.09276974416017797
2024-09-13,0.055394883203559515
2024-09-14,-0.02736373748609566
2024-09-15,0.04160177975528365
2024-09-16,0.07230255839822024
2024-09-17,0.0424916573971079
2024-09-18,0.16262513904338155
2024-09-19,0.19021134593993325
2024-09-20,0.46607341490545046
2024-09-21,0.49276974416017794
2024-09-22,0.34060066740823136
2024-09-23,0.3446051167964405
2024-09-24,0.21957730812013349
2024-09-25,0.2925472747497219
2024-09-26,0.11724137931034483
2024-09-27,0.1959955506117909
2024-09-28,0.22981090100111232
2024-09-29,0.2711902113459399
2024-09-30,0.28097886540600664
2024-10-01,0.19288097886540603
2024-10-02,0.09187986651835373
2024-10-03,-0.027808676307007785
2024-10-04,-0.1586206896551724
2024-10-05,-0.23781979977753054
2024-10-06,-0.35795328142380417
2024-10-07,-0.2645161290322581
2024-10-08,-0.27474972191323693
2024-10-09,-0.3352614015572859
2024-10-10,-0.31568409343715237
2024-10-11,-0.3027808676307008
2024-10-12,-0.28898776418242494
2024-10-13,-0.12258064516129033
2024-10-14,-0.13592880978865407
2024-10-15,-0.09944382647385984
2024-10-16,-0.1114571746384872
2024-10-17,-0.10433815350389322
2024-10-18,-0.04427141268075639
2024-10-19,0.09810901001112346
2024-10-20,0.15016685205784203
2024-10-21,0.07541713014460512
2024-10-22,0.0389321468298109
2024-10-23,0.12791991101223582
2024-10-24,0.064293659621802
2024-10-25,-0.018909899888765295
2024-10-26,-0.1510567296996663
2024-10-27,-0.10344827586206896
2024-10-28,-0.1911012235817575
2024-10-29,-0.08876529477196884
2024-10-30,-0.06162402669632924
2024-10-31,0.029588431590656286
2024-11-01,-0.018909899888765295
2024-11-02,-0.1510567296996663
2024-11-03,-0.12480533926585094
2024-11-04,-0.00778642936596218
2024-11-05,-0.13281423804226916
2024-11-06,-0.0932146829810901
2024-11-07,-0.2146829810901001
2024-11-08,-0.2204671857619577
2024-11-09,-0.32013348164627364
2024-11-10,-0.33392658509454953
2024-11-11,-0.36284760845383757
2024-11-12,-0.29343715239154616
2024-11-13,-0.3041156840934371
2024-11-14,-0.27208008898776415
2024-11-15,-0.17597330367074526
2024-11-16,-0.22447163515016688
2024-11-17,-0.1421579532814238
2024-11-18,-0.0825361512791991
2024-11-19,-0.04916573971078977
2024-11-20,-0.04916573971078977
2024-11-21,-0.01268075639599555
2024-11-22,-0.026918798665183537
2024-11-23,0.02469410456062291
2024-11-24,-0.014015572858731925
2024-11-25,-0.00867630700778643
2024-11-26,0.0460511679644049
2024-11-27,-0.028253615127919914
2024-11-28,-0.10789766407119021
2024-11-29,0.0024471635150166847
2024-11-30,0.03937708565072302
2024-12-01,0.04872080088987764
2024-12-02,-0.05005561735261402
2024-12-03,-0.058954393770856504
2024-12-04,-0.08342602892102337
2024-12-05,0.04204671857619577
2024-12-06,-0.05139043381535039
2024-12-07,-0.2395995550611791
2024-12-08,-0.20800889877641823
2024-12-09,-0.09944382647385984
2024-12-10,-0.10344827586206896
2024-12-11,-0.016240266963292546
2024-12-12,-0.20222469410456062
2024-12-13,-0.2800889877641824
2024-12-14,-0.2631813125695217
2024-12-15,-0.182202447163515
2024-12-16,-0.19377085650723025
2024-12-17,-0.16484983314794216
2024-12-18,-0.2453837597330367
2024-12-19,-0.3984427141268076
2024-12-20,-0.396662958843159
2024-12-21,-0.36462736373748605
2024-12-22,-0.3864293659621802
2024-12-23,-0.49410456062291436
2024-12-24,-0.40200222469410457
2024-12-25,-0.40333704115684094
2024-12-26,-0.421579532814238
2024-12-27,-0.3050055617352614
2024-12-28,-0.13770856507230256
2024-12-29,-0.0064516129032258064
2024-12-30,0.05406006674082313
2024-12-31,-0.04827586206896552
2025-01-01,-0.1439377085650723
2025-01-02,-0.1439377085650723
2025-01-03,-0.1385984427141268
2025-01-04,-0.053170189098998885
2025-01-05,-0.04427141268075639
2025-01-06,-0.11679644048943269
2025-01-07,-0.24582869855394882
2025-01-08,-0.18798665183537264
2025-01-09,-0.05050055617352613
2025-01-10,0.07452725250278086
2025-01-11,0.10745272525027807
2025-01-12,0.17552836484983317
2025-01-13,-0.046941045606229144
2025-01-14,0.041156840934371525
2025-01-15,-0.10923248053392658
2025-01-16,-0.1804226918798665
2025-01-17,-0.19911012235817574
2025-01-18,-0.03848720800889878
2025-01-19,0.0033370411568409346
2025-01-20,0.06829810901001113
2025-01-21,0.038042269187986644
2025-01-22,-0.0914349276974416
2025-01-23,-0.030478309232480537
2025-01-24,-0.013125695216907676
2025-01-25,0.038042269187986644
2025-01-26,0.07541713014460512
2025-01-27,0.16974416017797553
2025-01-28,0.27519466073414905
2025-01-29,0.3842046718576196
2025-01-30,0.2738598442714127
2025-01-31,0.20667408231368187
2025-02-01,0.03848720800889878
2025-02-02,0.1510567296996663
2025-02-03,0.32235817575083425
2025-02-04,0.2645161290322581
2025-02-05,0.15239154616240266
2025-02-06,0.33392658509454953
2025-02-07,0.3815350389321468
2025-02-08,0.1959955506117909
2025-02-09,0.2088987764182425
2025-02-10,0.2587319243604005
2025-02-11,0.1621802002224694
2025-02-12,0.2774193548387097
2025-02-13,0.2978865406006674
2025-02-14,0.20133481646273638
2025-02-15,0.1421579532814238
2025-02-16,0.19377085650723025
2025-02-17,0.35172413793103446
2025-02-18,0.2520578420467186
2025-02-19,0.09054505005561733
2025-02-20,0.20978865406006672
2025-02-21,0.11679644048943269
2025-02-22,0.010011123470522802
2025-02-23,0.09721913236929922
2025-02-24,0.06473859844271414
2025-02-25,-0.10255839822024472
2025-02-26,0.11546162402669634
2025-02-27,0.1581757508342603
2025-02-28,0.058064516129032254
2025-03-01,0.1599555061179088
2025-03-02,0.13948832035595105
2025-03-03,0.182202447163515
2025-03-04,0.10522803114571745
2025-03-05,0.028253615127919914
2025-03-06,-0.11279199110122358
2025-03-07,0.07408231368186874
2025-03-08,0.04160177975528365
2025-03-09,0.13993325917686317
2025-03-10,0.029143492769744164
2025-03-11,-0.04916573971078977
2025-03-12,0.11768631813125695
2025-03-13,0.3147942157953281
2025-03-14,0.3842046718576196
2025-03-15,0.26985539488320354
2025-03-16,0.24805339265850945
2025-03-17,0.20311457174638486
2025-03-18,0.0914349276974416
2025-03-19,0.053170189098998885
2025-03-20,-0.03136818687430478
2025-03-21,-0.046941045606229144
2025-03-22,-0.040711902113459396
2025-03-23,-0.07497219132369298
2025-03-24,-0.14260289210233593
2025-03-25,-0.08031145717463849
2025-03-26,-0.12480533926585094
2025-03-27,-0.17018909899888765
2025-03-28,-0.046941045606229144
2025-03-29,0.060289210233592884
2025-03-30,0.006006674082313682
2025-03-31,-0.10522803114571745
2025-04-01,-0.02469410456062291
2025-04-02,0.12747497219132367
2025-04-03,0.2800889877641824
2025-04-04,0.24004449388209118
2025-04-05,0.17730812013348163
2025-04-06,0.27519466073414905
2025-04-07,0.1586206896551724
2025-04-08,0.03982202447163515
2025-04-09,0.07541713014460512
2025-04-10,0.04427141268075639
2025-04-11,-0.03759733036707453
2025-04-12,-0.0024471635150166847
2025-04-13,-0.2293659621802002
2025-04-14,-0.1096774193548387
2025-04-15,-0.0825361512791991
2025-04-16,-0.2253615127919911
2025-04-17,-0.28142380422691876
2025-04-18,-0.23692992213570632
2025-04-19,-0.23692992213570632
2025-04-20,-0.1599555061179088
2025-04-21,-0.2511679644048943
2025-04-22,-0.17285873192436038
2025-04-23,-0.05939933259176862
2025-04-24,-0.09899888765294772
2025-04-25,-0.08476084538375972
2025-04-26,-0.04382647385984427
2025-04-27,-0.058064516129032254
2025-04-28,0.0006674082313681868
2025-04-29,-0.07541713014460512
2025-04-30,0.02736373748609566
2025-05-01,0.10344827586206896
2025-05-02,0.20489432703003335
2025-05-03,0.3753058954393771
2025-05-04,0.29521690767519465
2025-05-05,0.32013348164627364
2025-05-06,0.3432703003337041
2025-05-07,0.20311457174638486
2025-05-08,0.2511679644048943
2025-05-09,0.3481646273637375
2025-05-10,0.17953281423804227
2025-05-11,0.2600667408231368
2025-05-12,0.12302558398220245
2025-05-13,0.18620689655172412
2025-05-14,0.17241379310344826
2025-05-15,0.07586206896551724
2025-05-16,0.10834260289210233
2025-05-17,0.00867630700778643
2025-05-18,0.1474972191323693
2025-05-19,0.17152391546162402
2025-05-20,0.1870967741935484
2025-05-21,0.2645161290322581
2025-05-22,0.25294771968854285
2025-05-23,0.16440489432703
2025-05-24,0.13904338153503895
2025-05-25,0.07230255839822024
2025-05-26,0.24449388209121245
2025-05-27,0.1875417130144605
2025-05-28,0.17819799777530587
2025-05-29,0.09988876529477196
2025-05-30,-0.058954393770856504
2025-05-31,0.046496106785317015
2025-06-01,-0.03670745272525028
2025-06-02,-0.08298109010011123
2025-06-03,-0.004226918798665183
2025-06-04,0.06340378197997774
2025-06-05,0.018020022246941044
2025-06-06,0.11768631813125695
2025-06-07,0.20177975528364847
2025-06-08,0.047385984427141266
2025-06-09,0.09944382647385984
2025-06-10,0.0135706340378198
2025-06-11,0.08832035595105672
2025-06-12,-0.010456062291434927
2025-06-13,0.012235817575083427
2025-06-14,-0.00689655172413793
2025-06-15,-0.11857619577308119
2025-06-16,-0.05094549499443826
2025-06-17,0.0033370411568409346
2025-06-18,0.06562847608453837
2025-06-19,-0.16173526140155728
2025-06-20,-0.2186874304783092
2025-06-21,-0.018909899888765295
2025-06-22,0.03136818687430478
2025-06-23,0.08520578420467186
2025-06-24,0.07897664071190211
2025-06-25,0.09010011123470522
2025-06-26,0.07942157953281423
2025-06-27,-0.11679644048943269
2025-06-28,0.059844271412680755
2025-06-29,0.08565072302558399
2025-06-30,0.040266963292547274
2025-07-01,0.1532814238042269
2025-07-02,0.02469410456062291
2025-07-03,0.05583982202447163
2025-07-04,0.0064516129032258064
2025-07-05,0.11056729699666296
2025-07-06,0.2578420467185762
2025-07-07,0.13236929922135707
2025-07-08,0.040711902113459396
2025-07-09,0.1439377085650723
2025-07-10,0.12658509454949946
2025-07-11,0.19777530589543937
2025-07-12,0.06518353726362626
2025-07-13,0.12258064516129033
2025-07-14,0.09632925472747497
2025-07-15,0.32146829810900995
2025-07-16,0.3575083426028921
2025-07-17,0.3931034482758621
2025-07-18,0.2204671857619577
2025-07-19,0.17330367074527253
2025-07-20,0.17508342602892102
2025-07-21,0.2053392658509455
2025-07-22,0.19555061179087874
2025-07-23,0.13993325917686317
2025-07-24,0.25294771968854285
2025-07-25,0.15506117908787542
2025-07-26,0.160845383759733
2025-07-27,0.10789766407119021
2025-07-28,-0.0135706340378198
2025-07-29,-0.07808676307007786
2025-07-30,-0.1132369299221357
2025-07-31,-0.12569521690767518
2025-08-01,-0.09632925472747497
2025-08-02,-0.10300333704115683
2025-08-03,-0.06340378197997774
2025-08-04,-0.10878754171301447
2025-08-05,-0.12080088987764183
2025-08-06,-0.08075639599555061
2025-08-07,-0.07853170189098999
2025-08-08,-0.18442714126807563
2025-08-09,-0.2307007786429366
2025-08-10,-0.018909899888765295
2025-08-11,0.028253615127919914
2025-08-12,0.04338153503893215
2025-08-13,0.03492769744160178
2025-08-14,-0.046496106785317015
2025-08-15,-0.06963292547274749
2025-08-16,0.07007786429365963
2025-08-17,0.15506117908787542
2025-08-18,0.14304783092324808
2025-08-19,0.4153503893214683
2025-08-20,0.23781979977753054
2025-08-21,0.2040044493882091
2025-08-22,-0.014460511679644046
2025-08-23,-0.0460511679644049
2025-08-24,-0.0371523915461624
2025-08-25,0.030478309232480537
2025-08-26,0.023804226918798663
2025-08-27,0.058064516129032254
2025-08-28,0.1221357063403782
2025-08-29,-0.016240266963292546
2025-08-30,0.05183537263626252
2025-08-31,0.09098998887652948
2025-09-01,0.00689655172413793
2025-09-02,0.18442714126807563
2025-09-03,0.2040044493882091
2025-09-04,0.13592880978865407
2025-09-05,0.09588431590656285
2025-09-06,0.25739710789766407
2025-09-07,0.3508342602892102
2025-09-08,0.435817575083426
2025-09-09,0.3468298109010011
2025-09-10,0.48031145717463847
2025-09-11,0.23292547274749723
2025-09-12,0.2556173526140155
2025-09-13,0.20934371523915463
2025-09-14,0.10077864293659622
2025-09-15,0.10077864293659622
2025-09-16,0.10834260289210233
2025-09-17,0.14482758620689654
2025-09-18,0.24983314794215797
2025-09-19,0.12169076751946609
2025-09-20,0.12836484983314794
2025-09-21,-0.0024471635150166847
2025-09-22,-0.12880978865406006
2025-09-23,-0.08031145717463849
2025-09-24,-0.16262513904338155
2025-09-25,-0.13548387096774192
2025-09-26,0.01846496106785317
2025-09-27,-0.14705228031145717
2025-09-28,-0.18620689655172412
2025-09-29,0.029143492769744164
2025-09-30,-0.02513904338153504
2025-10-01,-0.005561735261401557
2025-10-02,0.16129032258064516
2025-10-03,0.07764182424916574
2025-10-04,0.0731924360400445
2025-10-05,0.08876529477196884
2025-10-06,0.07408231368186874
2025-10-07,0.07675194660734148
2025-10-08,0.015350389321468297
2025-10-09,-0.17196885428253617
2025-10-10,-0.2912124582869855
2025-10-11,-0.19421579532814237
2025-10-12,-0.27208008898776415
2025-10-13,-0.2631813125695217
2025-10-14,-0.28409343715239155
2025-10-15,-0.2992213570634038
2025-10-16,-0.17152391546162402
2025-10-17,-0.041156840934371525
2025-10-18,-0.0460511679644049
2025-10-19,-0.11501668520578419
2025-10-20,-0.20444938820912126
2025-10-21,-0.16796440489432704
2025-10-22,-0.08164627363737487
2025-10-23,-0.05583982202447163
2025-10-24,0.10300333704115683
2025-10-25,0.1408231368186874
2025-10-26,0.01846496106785317
2025-10-27,0.059844271412680755
2025-10-28,0.01268075639599555
2025-10-29,0.060289210233592884
2025-10-30,0.04338153503893215
2025-10-31,0.04916573971078977
2025-11-01,-0.0353726362625139
2025-11-02,0.040711902113459396
2025-11-03,0.0037819799777530586
2025-11-04,-0.0932146829810901
2025-11-05,-0.10255839822024472
2025-11-06,-0.09010011123470522
2025-11-07,-0.026918798665183537
2025-11-08,-0.04338153503893215
2025-11-09,-0.06696329254727475
2025-11-10,0.01846496106785317
2025-11-11,0.06162402669632924
2025-11-12,0.0006674082313681868
2025-11-13,-0.1203559510567297
2025-11-14,-0.11991101223581756
2025-11-15,0.040711902113459396
2025-11-16,0.13236929922135707
2025-11-17,0.1474972191323693
2025-11-18,0.1586206896551724
2025-11-19,0.17419354838709677
2025-11-20,0.07052280311457175
2025-11-21,0.07986651835372637
2025-11-22,-0.014905450500556172
2025-11-23,0.06518353726362626
2025-11-24,0.07408231368186874
2025-11-25,0.11101223581757509
2025-11-26,0.11101223581757509
2025-11-27,0.12480533926585094
2025-11-28,0.1982202447163515
2025-11-29,0.11991101223581756
2025-11-30,0.1003337041156841
2025-12-01,-0.02246941045606229
2025-12-02,-0.05005561735261402
2025-12-03,-0.018020022246941044
2025-12-04,0.10700778642936595
2025-12-05,0.14972191323692993
2025-12-06,0.26273637374860953
2025-12-07,0.1959955506117909
2025-12-08,0.17730812013348163
2025-12-09,0.09410456062291435
2025-12-10,0.1096774193548387
2025-12-11,0.10478309232480533
